Sample A1,,Sample A2,,Sample A3,,Sample A4,,Sample A5,,Sample A6,,
Time (min),Intensity (a.u.),Time (min),Intensity (a.u.),Time (min),Intensity (a.u.),Time (min),Intensity (a.u.),Time (min),Intensity (a.u.),Time (min),Intensity (a.u.),
0.0008333333535,35.30892181,0.021916667,394.9074707,0.04224999994,280.725708,0.06324999779,197.4807129,0.08445833623,119.7845154,0.1049166694,134.1863861,
1.000833273,38.47405243,1.021312475,388.0565491,1.042124987,310.5643921,1.062625051,293.7555847,1.083479166,230.4099121,1.105166674,235.0246277,
2.000833273,39.76439667,2.021979094,381.911438,2.043291807,326.0179443,2.064312458,294.3624573,2.084479094,271.9913025,2.10581255,268.14505,
3.000833273,40.10500717,3.021395922,387.4635315,3.042208433,318.4787292,3.0625,302.1746826,3.084041595,295.7582397,3.103500128,283.3990479,
4.000833511,36.89981461,4.021958351,387.1477661,4.042375088,325.3840332,4.063000202,298.3137817,4.084541798,299.8335571,4.105374813,291.2173767,
5.000833035,37.62935257,5.022479057,377.3215942,5.043645859,324.2365112,5.063958168,301.3982239,5.08514595,305.2597656,5.106312752,295.4842529,
6.000833035,40.12788391,6.021458626,386.6940613,6.042500019,313.4391785,6.0625,299.8137512,6.083500385,306.5396118,6.104125023,292.156189,
7.000833035,38.20628357,7.02147913,390.6169739,7.042333603,320.076355,7.063499928,295.7173157,7.084312439,304.4680176,7.105291843,286.2123413,
8.000833511,39.8259201,8.021791458,382.3613586,8.042791367,331.9124756,8.063458443,305.6951599,8.084958076,303.9994202,8.105312347,298.5367126,
9.000833511,34.93843842,9.021291733,372.7292175,9.04216671,313.5086975,9.063145638,295.280426,9.083312988,305.0657349,9.104311943,306.9363403,
10.00083351,38.59131622,10.02081299,370.3467407,10.04131222,316.1988831,10.06247997,305.0696106,10.08399963,307.8687134,10.10437489,294.6011353,
11.00083351,36.98838806,11.02131271,381.591095,11.041646,319.809967,11.06247997,289.2002563,11.08397961,304.3807373,11.10464573,292.401001,
12.00083351,35.15712357,12.02162457,379.0195618,12.04256248,315.7881775,12.06395912,300.0932007,12.08512497,301.3360291,12.10595798,303.7746887,
13.00083351,36.99192047,13.02181339,377.7146301,13.04281235,318.6516724,13.06381226,293.652771,13.08495808,308.1122131,13.10562515,299.6987915,
14.00083351,35.70989227,14.02179146,383.1058655,14.04262447,321.5875549,14.06329155,300.3980713,14.08447838,309.9956665,14.10597897,285.7733459,
15.00083351,35.61647415,15.0215416,376.5974426,15.04204178,310.8721008,15.06320763,298.1690369,15.08383369,302.8536377,15.10470772,295.480011,
16.00083351,35.88076019,16.02149963,375.0480957,16.0423336,314.1955566,16.06299973,303.0930176,16.08420753,311.5393066,16.10454178,292.5125427,
17.00083351,34.84320831,17.02050018,370.9866638,17.04139519,315.1859436,17.06212425,301.1729126,17.08314705,304.017334,17.10364532,303.2176514,
18.00083351,37.05400085,18.02147865,371.2791138,18.04214668,313.3001404,18.06329155,300.3712769,18.08379173,306.9785461,18.10481071,290.6798096,
19.00083351,34.68087006,19.02129173,373.4803772,19.04262543,317.0162964,19.06281281,289.3871765,19.08387375,300.5410156,19.10500145,293.7443542,
20.00083351,36.66144562,20.02147865,370.7185974,20.0426445,322.7109985,20.06395912,290.2029114,20.08412552,296.2962952,20.10481071,304.8730164,
21.00083351,34.16133499,21.02033234,370.8822632,21.04104233,323.1932983,21.06212616,298.9091187,21.08345795,298.953949,21.10464668,290.308136,
22.00083351,35.44147873,22.02079201,365.4169006,22.04189682,316.250946,22.0622921,296.5121155,22.08364677,298.91922,22.10381317,289.2708435,
23.00083351,35.92667007,23.02103996,378.9094238,23.04216766,325.5259705,23.06333351,291.962677,23.08439445,296.5596619,23.10495758,295.658905,
24.00083351,36.77267456,24.02083397,373.7024841,24.04131317,319.6837463,24.06322861,297.5480042,24.08379173,293.5780945,24.10414696,292.3141174,
25.00083351,37.26179504,25.02054214,373.3848877,25.04172897,312.2563782,25.062397,302.286499,25.08379173,293.8241577,25.10412598,301.165863,
26.00083351,36.48209763,26.0201664,370.8864441,26.04198074,320.2687378,26.06216621,300.7102966,26.08295822,300.8041382,26.10429001,298.8092346,
27.00083351,37.73303986,27.02239609,366.3905945,27.04279137,319.4265137,27.06429291,297.5067444,27.0846653,300.268158,27.10533333,299.4894104,
28.00083351,31.72377205,28.02212524,372.8712769,28.04356194,311.2595215,28.06379128,299.0128174,28.08520889,294.9122009,28.10570908,301.7915039,
29.00083351,34.45334244,29.02020836,367.2076111,29.04156303,318.3695374,29.06279182,296.2370911,29.08333397,309.301178,29.10420799,292.5214539,
30.00083351,36.03198242,30.02045822,366.9299011,30.04179001,311.8562622,30.06214523,290.4603271,30.08322906,300.7391663,30.10379219,287.2266846,
31.00083351,34.13180923,31.01997948,365.8190613,31.04133224,315.3688049,31.06179237,291.7992249,31.08283234,292.0021973,31.10422897,296.4095764,
32.00083542,34.82476807,32.02062607,368.1616516,32.04112625,312.0723572,32.06256485,299.8847351,32.08322906,295.8239136,32.10445786,295.822113,
33.00083542,35.99436188,33.02070999,361.6219482,33.04150009,320.1976624,33.06287384,297.7599792,33.08395767,284.9285583,33.10529327,289.9767456,
34.00083542,32.88302231,34.02131271,357.8820801,34.04283142,317.1685181,34.06299973,290.2892151,34.08414459,297.0432739,34.10481262,295.8895874,
35.00083542,33.64233398,35.02146149,362.1253662,35.0424614,308.8321533,35.06322861,291.2065735,35.08396149,296.9831238,35.10528946,289.2023926,
36.00083542,34.7261734,36.02033234,363.2903137,36.04166794,306.1741943,36.06233215,290.868927,36.08345795,295.3200684,36.10395813,291.717926,
37.00083542,33.09581375,37.02081299,365.6811523,37.04148102,315.9969788,37.06283188,290.7932129,37.08379364,300.9478149,37.10479355,288.9474487,
38.00083542,34.42116928,38.01997757,356.312439,38.04148102,301.4945374,38.06181335,294.1029053,38.08331299,298.1269836,38.10433197,298.3707886,
39.00083542,33.21691132,39.0219574,366.4220276,39.04328918,318.7877502,39.06431198,292.5924988,39.0849762,295.2703552,39.10550308,296.4569702,
40.00083542,33.92417526,40.02228928,358.2806091,40.04362488,304.7095642,40.06447601,291.2588806,40.08470917,296.4442749,40.10564804,289.5890808,
41.00083542,35.75075531,41.02187347,362.1795044,41.04266739,320.4675598,41.06378937,287.7796021,41.08414841,295.5968628,41.10531235,292.550415,
42.00083542,35.32594681,42.02112579,358.0630798,42.0424614,321.8729858,42.06281281,291.397522,42.08399963,299.4115906,42.10445786,294.3412476,
43.00083542,32.55190277,43.02146149,366.8616638,43.0422287,319.3212585,43.06304169,297.4125671,43.08420944,298.4713135,43.10433197,287.9367676,
44.00083542,30.56153107,44.0212059,358.4367065,44.04214859,306.1140747,44.06289291,286.9346619,44.08399963,298.1694946,44.10528946,294.7726746,
45.00083542,31.41716194,45.02079391,356.0158691,45.04162598,317.829834,45.06256104,291.323822,45.08348083,289.908783,45.10398102,292.9516907,
46.00083542,34.04601288,46.02098083,348.2480164,46.0418129,311.9786377,46.06299973,290.4697266,46.0833931,291.640625,46.10445786,294.2532654,
47.00083542,34.78371811,47.0213356,347.9198303,47.04112625,314.4114075,47.06248093,277.2515869,47.0828743,293.6590881,47.10412598,290.1344299,
48.00083542,32.59126282,48.02064514,360.5893555,48.04131317,312.6133728,48.06197739,288.1138916,48.08316803,289.756073,48.1037941,292.7926636,
49.00083542,30.19867516,49.02045822,352.8692932,49.04120636,305.0024719,49.06203842,281.7019348,49.08329391,288.816803,49.1046257,285.6229858,
50.00083542,33.30031967,50.0212059,352.3526001,50.04248047,314.8352966,50.06378937,292.2447815,50.0844574,295.2472229,50.1049614,294.3669128,
51.00083542,32.07129288,51.02106094,358.3102112,51.04145813,305.4821777,51.06222916,284.6456604,51.08362579,295.2269897,51.10395813,300.9025269,
52.00083542,33.22847748,52.02183533,352.997467,52.04350281,317.4006958,52.06387711,283.5322266,52.08506393,297.0932312,52.10595703,284.8596191,
53.00083542,33.5459671,53.02183533,357.6410217,53.04231262,323.0584412,53.06383514,292.6512451,53.08412552,294.9865723,53.10448074,283.4286194,
54.00083542,31.54538918,54.02099991,350.3687134,54.04304123,305.6867065,54.06372833,295.7346802,54.08495712,292.3423462,54.10578918,284.4685059,
55.00083542,35.03697205,55.02129364,352.4854736,55.04172897,313.0257874,55.06262589,291.9796143,55.08379364,287.8339844,55.10414505,290.7979431,
56.00083542,31.52061272,56.02081299,356.5279541,56.04114532,310.0497437,56.06214523,290.5584717,56.08316803,297.489563,56.10433197,279.2577209,
57.00083542,35.24073029,57.02245712,344.6766357,57.04295731,306.3634949,57.06348038,293.2027588,57.08481598,294.2268372,57.10531235,291.4484863,
58.00083542,32.43628311,58.02148056,342.5122986,58.04298019,304.4757996,58.06348038,287.9580688,58.08414841,295.6579285,58.10466766,286.4212952,
59.00083542,32.68937302,59.02164841,359.7556458,59.04298019,314.9661865,59.06331253,286.4715576,59.08464813,304.9486389,59.10528946,289.092926,
60.00083542,31.98456001,60.02029037,348.8139648,60.04145813,304.5525513,60.06229401,293.5306702,60.08295822,283.2106323,60.10362625,286.1313171,
61.00083542,31.97484016,61.02166748,347.3851929,61.0425415,307.5327148,61.06320953,288.7789307,61.08362579,291.0754395,61.10481262,287.0601807,
62.00083542,35.21412659,62.02095795,353.6599121,62.0424614,300.9311829,62.06296158,290.0484314,62.08333206,289.7210388,62.1046257,294.8374329,
63.00083542,35.11385345,63.02231598,352.9692993,63.04264832,308.1035767,63.06414413,295.5582886,63.0850029,296.4512329,63.10595703,284.0429688,
64.0008316,34.16734314,64.02095795,347.9142761,64.04172516,303.5960693,64.0623703,289.1352234,64.0832901,292.4255066,64.10431671,287.5638733,
65.0008316,30.68394279,65.02245331,359.0585327,65.04328918,301.3827515,65.0634613,279.4727478,65.08462524,283.2615967,65.10595703,285.6752319,
66.0008316,33.16002655,66.0219574,349.369873,66.04322815,303.5151367,66.06356049,296.1944885,66.08462524,295.4053345,66.10562134,285.9223328,
67.0008316,32.88843536,67.02062225,349.6524048,67.04114532,310.8303833,67.06181335,279.2453003,67.08289337,287.7694092,67.10370636,277.9636841,
68.0008316,32.15285492,68.02166748,363.5636902,68.04197693,301.5678101,68.0626297,290.9124451,68.08350372,283.5577393,68.10387421,289.1784973,
69.0008316,35.3826828,69.0212326,356.5804749,69.04273224,300.5030823,69.06347656,283.0515747,69.08397675,294.5131531,69.10504913,288.3502808,
70.0008316,33.1523056,70.02295685,357.4499512,70.04396057,301.0357056,70.0651474,298.3626099,70.08547974,284.979187,70.10697937,284.5965881,
71.0008316,31.59581184,71.02112579,347.1958008,71.04214478,303.7628784,71.06233978,296.0334473,71.08370972,293.4478455,71.10489655,294.9342346,
72.0008316,32.8371048,72.02287292,336.3105469,72.04283142,300.2116699,72.06364441,279.9197388,72.08486938,289.7411804,72.10520935,292.9351196,
73.0008316,31.00486565,73.02116394,351.976532,73.04216003,299.697937,73.06299591,288.3280334,73.08403778,296.5657349,73.10506439,283.2610474,
74.0008316,29.96570969,74.02179718,354.9926147,74.04329681,308.3045654,74.06395721,290.6953735,74.08496094,287.613739,74.10595703,287.2630005,
75.0008316,30.96654701,75.02171326,352.9751587,75.04216003,307.0873108,75.06295776,285.9025879,75.08439636,285.1503601,75.10504913,285.9468079,
76.0008316,32.50631714,76.02062225,357.0377808,76.04154205,301.1996765,76.06195831,271.1322937,76.08297729,298.5958252,76.10383606,281.6797485,
77.0008316,31.53591156,77.02099609,346.8565979,77.04155731,290.5354309,77.06256866,291.3540955,77.08280945,284.7854004,77.10379028,285.1775818,
78.0008316,32.86818314,78.02116394,344.8215332,78.04245758,297.8941345,78.06278992,284.6313477,78.08348083,294.2500305,78.10464478,280.5258789,
79.0008316,32.23051453,79.02187347,352.703186,79.04296112,301.5235596,79.0634613,284.8139343,79.08381653,292.5610046,79.10498047,282.7286072,
80.0008316,32.26250076,80.02128601,345.6522217,80.04262543,300.2857971,80.06281281,281.1174011,80.08399963,292.4814148,80.10478973,281.7898254,
81.0008316,33.2604866,81.02179718,343.0028076,81.04312134,303.6676025,81.06347656,283.2597046,81.08467102,292.5981445,81.10547638,285.7431641,
82.0008316,32.12020111,82.0216217,352.1541138,82.04212189,304.9525146,82.0634613,284.8329773,82.08366394,292.9069519,82.10483551,279.5869751,
83.0008316,30.65073776,83.02181244,350.8552551,83.04262543,306.2805176,83.06328583,283.7443848,83.08356476,288.8059082,83.10453796,283.219696,
84.0008316,32.96034241,84.02165985,337.3442993,84.04316711,302.5135193,84.06381226,290.4318542,84.08483124,281.7034302,84.10570526,288.2987366,
85.0008316,32.63300705,85.02104187,335.9715576,85.0417099,294.2119446,85.06253815,283.3261719,85.0840683,290.2019653,85.10487366,272.9291992,
86.0008316,32.80237961,86.02199554,350.1178284,86.04245758,302.4519348,86.06422424,282.3889465,86.08529663,285.2011108,86.10631561,285.7713928,
87.0008316,32.51704788,87.02231598,338.1282043,87.04364777,297.3994446,87.0647049,279.8686218,87.08533478,289.0116577,87.10587311,281.4707947,
88.0008316,32.34574127,88.02114105,343.9204407,88.04196167,297.995697,88.06295776,278.4023438,88.08397675,280.8023682,88.10447693,289.1060791,
89.0008316,28.28367043,89.02099609,340.3033142,89.04196167,314.1714172,89.06331635,280.8126221,89.08470917,281.644104,89.10504913,282.2339478,
90.0008316,32.77557755,90.02146149,337.2008362,90.04228973,297.5447388,90.06253815,277.1831055,90.08414459,286.090271,90.10487366,276.4127502,

Sample A1,
Sample A1
Collection Time: 13-Feb-26 1:24:57 PM
Operator Name  :
Kinetics Software Version: 1.2(146)
Parameter List :
Report Time: Fri 13 Feb 01:24:57 PM 2026
Software version: 1.2(146)
Operator:
Instrument Parameters
Instrument                        Cary Eclipse
Instrument Serial Number          MY18160001
Data mode                         Fluorescence
Ex. wavelength (nm)               495.00
Em. wavelength (nm)               515.00
Ex. Slit (nm)                     5
Em. Slit (nm)                     5
Averaging Time (s)                0.1000
Cycle time(min)                   1.0000
Stop time(min)                    90.0000
Emission filter                   Open
Excitation Filter                 Auto
PMT voltage (V)                   High
Wellplate                         ON
Plate format                     96 Wells
Read position                    Well centre
Multi-zero                       OFF
Auto-zero                        OFF
Well                            A1
Comments:
Method Log     :
Method Name    : Default
Date/Time stamp: 13-Feb-26 1:18:47 PM
Method Modifications:
Wellplate Overlay Mode Changed: 13-Feb-26 1:18:50 PM, Old:Individual, New:Choice 1
Wellplate Overlay Mode Changed: 13-Feb-26 1:18:50 PM, Old:Overlay all, New:Choice 2
Wellplate Overlay Mode Changed: 13-Feb-26 1:18:50 PM, Old:Overlay rows, New:Choice 3
Wellplate Overlay Mode Changed: 13-Feb-26 1:18:50 PM, Old:Overlay columns, New:Choice 4
Wellplate Overlay Mode Changed: 13-Feb-26 1:18:50 PM, Old:User defined, New:Overlay columns
Well plate reader Changed: 13-Feb-26 1:21:04 PM, Old:OFF, New:ON
Excitation Wavelength Changed: 13-Feb-26 1:21:04 PM, Old: 400.00, New: 495.00
Emission Wavelength Changed: 13-Feb-26 1:21:04 PM, Old: 600.00, New: 515.00
Wellplate Samples Changed: 13-Feb-26 1:21:04 PM, Old:, New:A1;A2;A3;A4;A5;A6;
PMT Volts Changed: 13-Feb-26 1:21:40 PM, Old:600, New:800
Emission PMT (V): Changed: 13-Feb-26 1:21:40 PM, Old: 600, New: 800
Cycle Time 1 Changed: 13-Feb-26 1:22:19 PM, Old: 0.0000, New: 1.0000
Stop Time 1 Changed: 13-Feb-26 1:22:19 PM, Old: 1.0000, New:90.0000
End Method Modifications

Sample A2,
Sample A2
Collection Time: 13-Feb-26 1:24:57 PM
Operator Name  :
Kinetics Software Version: 1.2(146)
Parameter List :
Report Time: Fri 13 Feb 01:24:57 PM 2026
Software version: 1.2(146)
Operator:
Instrument Parameters
Instrument                        Cary Eclipse
Instrument Serial Number          MY18160001
Data mode                         Fluorescence
Ex. wavelength (nm)               495.00
Em. wavelength (nm)               515.00
Ex. Slit (nm)                     5
Em. Slit (nm)                     5
Averaging Time (s)                0.1000
Cycle time(min)                   1.0000
Stop time(min)                    90.0000
Emission filter                   Open
Excitation Filter                 Auto
PMT voltage (V)                   High
Wellplate                         ON
Plate format                     96 Wells
Read position                    Well centre
Multi-zero                       OFF
Auto-zero                        OFF
Well                            A1
Comments:
Method Log     :
Method Name    : Default
Date/Time stamp: 13-Feb-26 1:18:47 PM
Method Modifications:
Wellplate Overlay Mode Changed: 13-Feb-26 1:18:50 PM, Old:Individual, New:Choice 1
Wellplate Overlay Mode Changed: 13-Feb-26 1:18:50 PM, Old:Overlay all, New:Choice 2
Wellplate Overlay Mode Changed: 13-Feb-26 1:18:50 PM, Old:Overlay rows, New:Choice 3
Wellplate Overlay Mode Changed: 13-Feb-26 1:18:50 PM, Old:Overlay columns, New:Choice 4
Wellplate Overlay Mode Changed: 13-Feb-26 1:18:50 PM, Old:User defined, New:Overlay columns
Well plate reader Changed: 13-Feb-26 1:21:04 PM, Old:OFF, New:ON
Excitation Wavelength Changed: 13-Feb-26 1:21:04 PM, Old: 400.00, New: 495.00
Emission Wavelength Changed: 13-Feb-26 1:21:04 PM, Old: 600.00, New: 515.00
Wellplate Samples Changed: 13-Feb-26 1:21:04 PM, Old:, New:A1;A2;A3;A4;A5;A6;
PMT Volts Changed: 13-Feb-26 1:21:40 PM, Old:600, New:800
Emission PMT (V): Changed: 13-Feb-26 1:21:40 PM, Old: 600, New: 800
Cycle Time 1 Changed: 13-Feb-26 1:22:19 PM, Old: 0.0000, New: 1.0000
Stop Time 1 Changed: 13-Feb-26 1:22:19 PM, Old: 1.0000, New:90.0000
End Method Modifications

Sample A3,
Sample A3
Collection Time: 13-Feb-26 1:24:57 PM
Operator Name  :
Kinetics Software Version: 1.2(146)
Parameter List :
Report Time: Fri 13 Feb 01:24:57 PM 2026
Software version: 1.2(146)
Operator:
Instrument Parameters
Instrument                        Cary Eclipse
Instrument Serial Number          MY18160001
Data mode                         Fluorescence
Ex. wavelength (nm)               495.00
Em. wavelength (nm)               515.00
Ex. Slit (nm)                     5
Em. Slit (nm)                     5
Averaging Time (s)                0.1000
Cycle time(min)                   1.0000
Stop time(min)                    90.0000
Emission filter                   Open
Excitation Filter                 Auto
PMT voltage (V)                   High
Wellplate                         ON
Plate format                     96 Wells
Read position                    Well centre
Multi-zero                       OFF
Auto-zero                        OFF
Well                            A1
Comments:
Method Log     :
Method Name    : Default
Date/Time stamp: 13-Feb-26 1:18:47 PM
Method Modifications:
Wellplate Overlay Mode Changed: 13-Feb-26 1:18:50 PM, Old:Individual, New:Choice 1
Wellplate Overlay Mode Changed: 13-Feb-26 1:18:50 PM, Old:Overlay all, New:Choice 2
Wellplate Overlay Mode Changed: 13-Feb-26 1:18:50 PM, Old:Overlay rows, New:Choice 3
Wellplate Overlay Mode Changed: 13-Feb-26 1:18:50 PM, Old:Overlay columns, New:Choice 4
Wellplate Overlay Mode Changed: 13-Feb-26 1:18:50 PM, Old:User defined, New:Overlay columns
Well plate reader Changed: 13-Feb-26 1:21:04 PM, Old:OFF, New:ON
Excitation Wavelength Changed: 13-Feb-26 1:21:04 PM, Old: 400.00, New: 495.00
Emission Wavelength Changed: 13-Feb-26 1:21:04 PM, Old: 600.00, New: 515.00
Wellplate Samples Changed: 13-Feb-26 1:21:04 PM, Old:, New:A1;A2;A3;A4;A5;A6;
PMT Volts Changed: 13-Feb-26 1:21:40 PM, Old:600, New:800
Emission PMT (V): Changed: 13-Feb-26 1:21:40 PM, Old: 600, New: 800
Cycle Time 1 Changed: 13-Feb-26 1:22:19 PM, Old: 0.0000, New: 1.0000
Stop Time 1 Changed: 13-Feb-26 1:22:19 PM, Old: 1.0000, New:90.0000
End Method Modifications

Sample A4,
Sample A4
Collection Time: 13-Feb-26 1:24:57 PM
Operator Name  :
Kinetics Software Version: 1.2(146)
Parameter List :
Report Time: Fri 13 Feb 01:24:57 PM 2026
Software version: 1.2(146)
Operator:
Instrument Parameters
Instrument                        Cary Eclipse
Instrument Serial Number          MY18160001
Data mode                         Fluorescence
Ex. wavelength (nm)               495.00
Em. wavelength (nm)               515.00
Ex. Slit (nm)                     5
Em. Slit (nm)                     5
Averaging Time (s)                0.1000
Cycle time(min)                   1.0000
Stop time(min)                    90.0000
Emission filter                   Open
Excitation Filter                 Auto
PMT voltage (V)                   High
Wellplate                         ON
Plate format                     96 Wells
Read position                    Well centre
Multi-zero                       OFF
Auto-zero                        OFF
Well                            A1
Comments:
Method Log     :
Method Name    : Default
Date/Time stamp: 13-Feb-26 1:18:47 PM
Method Modifications:
Wellplate Overlay Mode Changed: 13-Feb-26 1:18:50 PM, Old:Individual, New:Choice 1
Wellplate Overlay Mode Changed: 13-Feb-26 1:18:50 PM, Old:Overlay all, New:Choice 2
Wellplate Overlay Mode Changed: 13-Feb-26 1:18:50 PM, Old:Overlay rows, New:Choice 3
Wellplate Overlay Mode Changed: 13-Feb-26 1:18:50 PM, Old:Overlay columns, New:Choice 4
Wellplate Overlay Mode Changed: 13-Feb-26 1:18:50 PM, Old:User defined, New:Overlay columns
Well plate reader Changed: 13-Feb-26 1:21:04 PM, Old:OFF, New:ON
Excitation Wavelength Changed: 13-Feb-26 1:21:04 PM, Old: 400.00, New: 495.00
Emission Wavelength Changed: 13-Feb-26 1:21:04 PM, Old: 600.00, New: 515.00
Wellplate Samples Changed: 13-Feb-26 1:21:04 PM, Old:, New:A1;A2;A3;A4;A5;A6;
PMT Volts Changed: 13-Feb-26 1:21:40 PM, Old:600, New:800
Emission PMT (V): Changed: 13-Feb-26 1:21:40 PM, Old: 600, New: 800
Cycle Time 1 Changed: 13-Feb-26 1:22:19 PM, Old: 0.0000, New: 1.0000
Stop Time 1 Changed: 13-Feb-26 1:22:19 PM, Old: 1.0000, New:90.0000
End Method Modifications

Sample A5,
Sample A5
Collection Time: 13-Feb-26 1:24:57 PM
Operator Name  :
Kinetics Software Version: 1.2(146)
Parameter List :
Report Time: Fri 13 Feb 01:24:57 PM 2026
Software version: 1.2(146)
Operator:
Instrument Parameters
Instrument                        Cary Eclipse
Instrument Serial Number          MY18160001
Data mode                         Fluorescence
Ex. wavelength (nm)               495.00
Em. wavelength (nm)               515.00
Ex. Slit (nm)                     5
Em. Slit (nm)                     5
Averaging Time (s)                0.1000
Cycle time(min)                   1.0000
Stop time(min)                    90.0000
Emission filter                   Open
Excitation Filter                 Auto
PMT voltage (V)                   High
Wellplate                         ON
Plate format                     96 Wells
Read position                    Well centre
Multi-zero                       OFF
Auto-zero                        OFF
Well                            A1
Comments:
Method Log     :
Method Name    : Default
Date/Time stamp: 13-Feb-26 1:18:47 PM
Method Modifications:
Wellplate Overlay Mode Changed: 13-Feb-26 1:18:50 PM, Old:Individual, New:Choice 1
Wellplate Overlay Mode Changed: 13-Feb-26 1:18:50 PM, Old:Overlay all, New:Choice 2
Wellplate Overlay Mode Changed: 13-Feb-26 1:18:50 PM, Old:Overlay rows, New:Choice 3
Wellplate Overlay Mode Changed: 13-Feb-26 1:18:50 PM, Old:Overlay columns, New:Choice 4
Wellplate Overlay Mode Changed: 13-Feb-26 1:18:50 PM, Old:User defined, New:Overlay columns
Well plate reader Changed: 13-Feb-26 1:21:04 PM, Old:OFF, New:ON
Excitation Wavelength Changed: 13-Feb-26 1:21:04 PM, Old: 400.00, New: 495.00
Emission Wavelength Changed: 13-Feb-26 1:21:04 PM, Old: 600.00, New: 515.00
Wellplate Samples Changed: 13-Feb-26 1:21:04 PM, Old:, New:A1;A2;A3;A4;A5;A6;
PMT Volts Changed: 13-Feb-26 1:21:40 PM, Old:600, New:800
Emission PMT (V): Changed: 13-Feb-26 1:21:40 PM, Old: 600, New: 800
Cycle Time 1 Changed: 13-Feb-26 1:22:19 PM, Old: 0.0000, New: 1.0000
Stop Time 1 Changed: 13-Feb-26 1:22:19 PM, Old: 1.0000, New:90.0000
End Method Modifications

Sample A6,
Sample A6
Collection Time: 13-Feb-26 1:24:57 PM
Operator Name  :
Kinetics Software Version: 1.2(146)
Parameter List :
Report Time: Fri 13 Feb 01:24:57 PM 2026
Software version: 1.2(146)
Operator:
Instrument Parameters
Instrument                        Cary Eclipse
Instrument Serial Number          MY18160001
Data mode                         Fluorescence
Ex. wavelength (nm)               495.00
Em. wavelength (nm)               515.00
Ex. Slit (nm)                     5
Em. Slit (nm)                     5
Averaging Time (s)                0.1000
Cycle time(min)                   1.0000
Stop time(min)                    90.0000
Emission filter                   Open
Excitation Filter                 Auto
PMT voltage (V)                   High
Wellplate                         ON
Plate format                     96 Wells
Read position                    Well centre
Multi-zero                       OFF
Auto-zero                        OFF
Well                            A1
Comments:
Method Log     :
Method Name    : Default
Date/Time stamp: 13-Feb-26 1:18:47 PM
Method Modifications:
Wellplate Overlay Mode Changed: 13-Feb-26 1:18:50 PM, Old:Individual, New:Choice 1
Wellplate Overlay Mode Changed: 13-Feb-26 1:18:50 PM, Old:Overlay all, New:Choice 2
Wellplate Overlay Mode Changed: 13-Feb-26 1:18:50 PM, Old:Overlay rows, New:Choice 3
Wellplate Overlay Mode Changed: 13-Feb-26 1:18:50 PM, Old:Overlay columns, New:Choice 4
Wellplate Overlay Mode Changed: 13-Feb-26 1:18:50 PM, Old:User defined, New:Overlay columns
Well plate reader Changed: 13-Feb-26 1:21:04 PM, Old:OFF, New:ON
Excitation Wavelength Changed: 13-Feb-26 1:21:04 PM, Old: 400.00, New: 495.00
Emission Wavelength Changed: 13-Feb-26 1:21:04 PM, Old: 600.00, New: 515.00
Wellplate Samples Changed: 13-Feb-26 1:21:04 PM, Old:, New:A1;A2;A3;A4;A5;A6;
PMT Volts Changed: 13-Feb-26 1:21:40 PM, Old:600, New:800
Emission PMT (V): Changed: 13-Feb-26 1:21:40 PM, Old: 600, New: 800
Cycle Time 1 Changed: 13-Feb-26 1:22:19 PM, Old: 0.0000, New: 1.0000
Stop Time 1 Changed: 13-Feb-26 1:22:19 PM, Old: 1.0000, New:90.0000
End Method Modifications

