Sample A1,,Sample A2,,Sample A3,,Sample B1,,Sample B2,,Sample B3,,Sample C1,,Sample C2,,Sample C3,,Sample D1,,Sample D2,,Sample D3,,
Time (min),Intensity (a.u.),Time (min),Intensity (a.u.),Time (min),Intensity (a.u.),Time (min),Intensity (a.u.),Time (min),Intensity (a.u.),Time (min),Intensity (a.u.),Time (min),Intensity (a.u.),Time (min),Intensity (a.u.),Time (min),Intensity (a.u.),Time (min),Intensity (a.u.),Time (min),Intensity (a.u.),Time (min),Intensity (a.u.),
0.0008333333535,152.085968,0.02187499963,2.030212641,0.04254166782,71.01366425,0.1115208343,142.1929779,0.09062500298,3.073440313,0.06899999827,74.75172424,0.1376666725,145.8734131,0.1591666639,2.274089336,0.1801874936,75.49713898,0.2467916608,144.5060425,0.2252916694,2.503307343,0.20479168,71.43630219,
1.000833273,153.2007446,1.022166729,2.146545649,1.043333292,71.90522003,1.111541629,141.2623596,1.090520859,3.197978973,1.069499969,74.61512756,1.136166692,141.7906342,1.156499982,2.200333595,1.177166581,75.64782715,1.243666768,149.6464233,1.222666621,2.611645937,1.201833367,67.96525574,
2.000833273,150.6999969,2.021333218,2.097685337,2.041499853,71.87203217,2.108833313,141.2349091,2.087604046,3.266401768,2.066541672,73.65645599,2.134916782,144.7787323,2.156104326,2.283457279,2.177333355,74.07775116,2.24541688,148.3373718,2.224187374,2.602492571,2.203854084,67.54940033,
3.000833273,150.3888092,3.020749807,2.202058792,3.042000055,71.44029236,3.109833241,138.2731934,3.088604212,3.194986105,3.067687511,72.92064667,3.135937452,143.9248047,3.157270908,2.16468811,3.177666664,73.86715698,3.246604204,150.9027252,3.225354195,2.579299688,3.203854084,66.63887787,
4.000833511,149.2228546,4.02183342,2.162918806,4.042687416,70.95948029,4.108603954,142.1698151,4.087416649,3.299363136,4.06720829,73.08604431,4.135250092,140.4383087,4.157021046,2.282206774,4.177854061,74.91177368,4.244604111,151.8939209,4.223249912,2.538829088,4.201916695,68.46466827,
5.000833035,149.3493958,5.020916939,2.048886299,5.041333675,71.74365234,5.109187126,138.3868561,5.088521004,3.464679241,5.068020821,72.71304321,5.133937359,144.1086578,5.155499935,2.416696548,5.176353931,74.51050568,5.244020462,151.820755,5.22302103,2.589351892,5.202666759,67.43087006,
6.000833035,150.366684,6.021187305,2.159675598,6.042541504,71.84690094,6.111166954,139.6839752,6.089999676,3.289910793,6.069333553,73.27616882,6.135166645,144.6959991,6.156666756,2.358282566,6.177187443,75.75395966,6.245500088,154.3938141,6.224104404,2.658228874,6.203520775,67.74945068,
7.000833035,148.642807,7.021666527,2.204065084,7.043187618,71.90457916,7.110333443,140.9392395,7.088166714,3.364110231,7.067875385,74.59589386,7.135000229,141.8777466,7.155333519,2.24706912,7.176332951,74.66679382,7.244833469,154.4146118,7.224667072,2.644279003,7.203270912,67.18885803,
8.000833511,150.458313,8.020208359,2.11662364,8.04127121,71.10774231,8.109541893,138.3173981,8.088541985,3.398328781,8.068354607,72.91414642,8.136500359,138.9757996,8.157000542,2.274966478,8.177854538,73.66101074,8.246354103,157.6607208,8.225354195,2.416021824,8.204187393,67.15861511,
9.000833511,145.0017548,9.02183342,2.276473999,9.042853355,71.22346497,9.111332893,140.2214661,9.090332985,3.142015934,9.068917274,72.2421875,9.135166168,141.9795074,9.156374931,2.33539772,9.177437782,74.26811218,9.245666504,156.5385437,9.224604607,2.383392572,9.204375267,66.58714294,
10.00083351,147.6822662,10.02202034,2.20207572,10.04235458,70.23933411,10.10985374,139.7198334,10.08968735,3.371058941,10.06849957,73.39572144,10.13633347,143.0743408,10.1578331,2.289434433,10.17916679,74.5296936,10.24504185,162.5767822,10.2241869,2.500850677,10.20368767,65.80110931,
11.00083351,146.6105194,11.02187538,2.060225487,11.04310417,70.39160919,11.11199951,140.7903442,11.09091663,3.287583828,11.07002068,72.30097198,11.13793755,145.9296112,11.15899944,2.304184437,11.17933369,74.65788269,11.2463541,161.8273773,11.22516727,2.626298666,11.20483303,67.38127136,
12.00083351,148.0940247,12.02149963,2.082764626,12.04300022,70.66997528,12.10852051,140.7304382,12.08770847,3.405019522,12.06733322,72.39559174,12.13333321,142.6780396,12.15416622,2.37612462,12.17516708,72.78639984,12.24285412,162.508255,12.22149944,2.649758816,12.20060444,66.34441376,
13.00083351,147.1456909,13.02133369,2.224659443,13.04216671,69.74407959,13.11093712,141.2922821,13.08937454,3.220496655,13.06808376,74.24922943,13.13493729,141.9232483,13.15608311,2.352426767,13.17700005,73.29046631,13.24600029,162.9528198,13.22420883,2.553460598,13.20399952,66.32540131,
14.00083351,148.1053772,14.02168751,2.098118067,14.04218769,70.25170135,14.10941696,136.0126801,14.08808327,3.228410006,14.06693745,71.30435181,14.13568687,142.8934326,14.15687466,2.42669034,14.17791653,73.45523834,14.24366665,163.2870483,14.2234993,2.53947854,14.20233345,66.7698822,
15.00083351,146.0932159,15.0211668,2.215365171,15.04235458,70.09107208,15.11102104,137.4756622,15.09000015,3.445028543,15.06877041,71.58258057,15.13541698,139.8899689,15.15637493,2.24682498,15.17816639,73.33181,15.24383354,167.5086823,15.22302055,2.624896765,15.20191669,65.18630219,
16.00083351,147.7272644,16.02183342,2.079945087,16.0420208,69.31179047,16.1087513,138.0375671,16.08835411,3.252188921,16.06733322,71.92696381,16.13502121,138.9780426,16.15535355,2.313949108,16.17668724,72.84274292,16.24383354,163.105484,16.22368813,2.64368248,16.20243645,64.78619385,
17.00083351,148.6343994,17.02102089,2.193421364,17.04218674,71.46195221,17.11104202,138.0261841,17.0895195,3.339310646,17.06916618,70.99837494,17.1356678,142.383316,17.15633392,2.237610817,17.17685318,74.95061493,17.24475098,170.222229,17.22377205,2.620269537,17.20343781,66.42115784,
18.00083351,148.3242035,18.0206871,2.259005785,18.0419178,69.47190094,18.1099987,137.8662567,18.08902168,3.303231955,18.06816673,72.65631104,18.13618851,141.5006409,18.15704155,2.246866465,18.1784153,73.82556152,18.24435425,167.8453369,18.22335434,2.71614027,18.20300102,64.47320557,
19.00083351,152.9998779,19.02166748,2.166718245,19.04250145,70.74395752,19.11016655,139.1544647,19.09008408,3.549132347,19.06902122,70.7904129,19.13620758,142.4375458,19.15668678,2.287414312,19.1780014,73.2199173,19.24433327,167.8018799,19.2236042,2.486035347,19.2023735,65.338974,
20.00083351,143.408371,20.02083397,2.16144371,20.04102135,70.20565796,20.10802078,136.9399414,20.08766747,3.430859327,20.06610489,71.26501465,20.13458252,140.7726593,20.1554985,2.424271584,20.17637444,74.11759186,20.24270821,168.7624207,20.22199821,2.62283206,20.20100021,65.39860535,
21.00083351,147.1020355,21.02158356,2.162119389,21.04283333,69.54606628,21.11100006,136.2815094,21.08950043,3.328393698,21.06835365,70.41624451,21.13724899,143.3863983,21.15766525,2.395667553,21.17899895,72.94949341,21.24516678,169.2894897,21.22416496,2.816121578,21.20318794,63.71627045,
22.00083351,147.8570099,22.02041626,2.204449177,22.04133224,69.83695221,22.11043739,138.0445862,22.08887482,3.202726364,22.06768799,71.93139648,22.1344986,141.8150482,22.15566635,2.244334221,22.17602158,74.10862732,22.24485397,173.8995361,22.22366714,2.472294092,22.20266724,63.1920166,
23.00083351,143.3973541,23.02199936,2.29146862,23.04250145,70.12677002,23.11133385,136.8125458,23.090271,3.379987001,23.06920815,70.91700745,23.13793755,141.5186462,23.15802002,2.347141504,23.17885399,72.86466217,23.2453537,175.1304474,23.22399902,2.675805807,23.20366669,63.89027023,
24.00083351,148.7321472,24.02137375,2.121190786,24.04270744,69.23143768,24.11001968,137.2900085,24.08983421,3.553491831,24.06900024,70.19030762,24.13620758,142.0149994,24.15710449,2.271944046,24.1780014,73.16628265,24.2458744,174.784668,24.22552109,2.74619031,24.20485497,64.70155334,
25.00083351,144.47258,25.02166748,2.345175028,25.04252052,70.14338684,25.10852051,136.4839478,25.0875206,3.406857967,25.06716728,71.16238403,25.13318634,140.1409607,25.15385246,2.430788994,25.17477036,73.94520569,25.24283218,171.6765289,25.22183418,2.629944324,25.20120811,64.22113037,
26.00083351,143.135376,26.02152061,2.246286392,26.04285431,69.92689514,26.10866737,139.3976898,26.08743668,3.453230381,26.06635284,72.10194397,26.13299942,143.0312042,26.15352249,2.324302197,26.17466545,72.85611725,26.24260521,179.6192474,26.22120857,2.623803377,26.20087433,65.69991302,
27.00083351,147.6011353,27.02152061,2.192164421,27.0431881,69.75085449,27.11118698,138.0627747,27.08983421,3.497139692,27.06927109,71.18120575,27.13750076,143.2822418,27.15787506,2.132814884,27.17908287,73.43692017,27.24749947,175.4812012,27.22610474,2.524251461,27.20552254,62.28079224,
28.00083351,145.0582275,28.02127075,2.272155285,28.04250145,69.41221619,28.10870743,137.8041382,28.08749962,3.815040588,28.06716728,70.80199432,28.13516617,141.9345856,28.15568924,2.36629653,28.1765213,72.44812775,28.24487495,174.7386627,28.22402191,2.599059105,28.20266724,62.84365082,
29.00083351,144.3035736,29.02083397,2.140886068,29.04125023,68.84542847,29.10733223,136.9206543,29.08635521,3.461437464,29.06533432,71.04852295,29.13185501,140.8153839,29.15237427,2.598054886,29.17366791,72.75409698,29.24118614,179.5068512,29.2203331,2.606894493,29.19920921,63.44654465,
30.00083351,147.7199402,30.02152061,2.189096928,30.04252052,69.62154388,30.11116791,137.194519,30.09002113,3.707172394,30.06916618,71.07601166,30.13670921,139.3847656,30.15777206,2.455110312,30.17899895,72.71317291,30.24485397,176.2310181,30.22416496,2.665625334,30.20285416,63.0383873,
31.00083351,146.6075134,31.02116776,2.27940774,31.04185295,69.39154053,31.10718727,140.209259,31.08683205,3.496449709,31.0657711,69.9150238,31.13443756,141.9817047,31.1546669,2.407025814,31.17558479,73.09346008,31.24274826,175.0909119,31.22166824,2.6844697,31.20075035,62.98871994,
32.00083542,142.0845795,32.02083206,2.44894886,32.04137421,69.31918335,32.10850143,135.9828339,32.08737564,3.374107122,32.06616592,70.01042175,32.13452148,140.5916901,32.15475082,2.388702869,32.175354,73.28430176,32.24368668,174.9821472,32.22266769,2.729718447,32.20183182,63.32842255,
33.00083542,145.5846405,33.02050018,2.367491722,33.04137421,67.35460663,33.10950089,136.2695618,33.0881691,3.384108305,33.06783295,71.74919128,33.13402176,140.9836273,33.15420914,2.443438053,33.17543793,72.73532104,33.24483109,176.8614044,33.22316742,2.619821787,33.20183182,62.54257965,
34.00083542,145.9088287,34.0213356,2.354081392,34.0425415,69.03410339,34.11004257,135.9186707,34.08966827,3.385914087,34.0688324,71.67977142,34.13635254,138.8204498,34.15743637,2.273127556,34.17768478,73.43254089,34.24518585,178.7901306,34.22502136,2.843713284,34.20416641,62.9905777,
35.00083542,144.4126434,35.02137375,2.313467264,35.04235458,69.76392365,35.11041641,135.7141724,35.08916855,3.488987923,35.06866837,71.85539246,35.13418961,141.7212982,35.15552139,2.360662937,35.17658234,72.59420013,35.24491882,178.1436157,35.22391891,2.69009757,35.20285416,62.30754471,
36.00083542,147.5595703,36.02183533,2.36472702,36.04287338,68.69744873,36.10983658,134.800354,36.08921051,3.634283066,36.06902313,72.11833954,36.13516998,138.5365753,36.15575027,2.543494463,36.17667007,72.36801147,36.242836,181.601532,36.22158051,2.770837307,36.20137405,62.44556427,
37.00083542,144.1147003,37.02166748,2.345612526,37.04170609,69.23261261,37.10941696,135.1740417,37.08885574,3.467574358,37.06793594,71.73947906,37.13552094,140.6651611,37.15674973,2.656561375,37.17760468,73.41453552,37.24458313,176.023056,37.22420502,2.632888079,37.20301819,63.3358345,
38.00083542,141.4147797,38.02170944,2.377981424,38.04249954,70.64367676,38.11066437,136.0286102,38.09033203,3.370901585,38.06921005,72.05047607,38.13666534,138.0076294,38.15785217,2.375656843,38.17824936,72.1362915,38.24618912,182.0317078,38.22568893,2.568660736,38.20520782,62.24386215,
39.00083542,141.432724,39.02087402,2.24482131,39.04193878,67.31279755,39.11071014,135.9527588,39.08935547,3.643737555,39.06835556,71.85585785,39.13541794,142.5334015,39.15626907,2.422248125,39.17702103,72.66395569,39.24485397,180.1758575,39.22366714,2.660648346,39.20337296,62.94386673,
40.00083542,141.0115051,40.02235413,2.329971313,40.04308319,69.10843658,40.10926819,133.9743958,40.08802032,3.529985189,40.06766891,70.91795349,40.13316727,140.2120514,40.15418625,2.359463215,40.17549896,73.34085846,40.24241638,181.5968933,40.2215004,2.844873905,40.20093536,62.09990311,
41.00083542,145.3100433,41.0215416,2.425905943,41.04249954,68.87514496,41.10835266,133.9620056,41.0881691,3.547856808,41.06703949,70.03759766,41.13291931,139.8490906,41.15341949,2.579359055,41.17366409,71.87245178,41.24174881,180.0795593,41.22104263,2.819290638,41.20001984,62.47261047,
42.00083542,143.8985596,42.02099991,2.231060982,42.04135513,68.79312134,42.10908127,133.8784027,42.08802032,3.518085718,42.06766891,69.32920837,42.13585663,137.9143677,42.15637589,2.287487507,42.17691803,72.38951874,42.2452507,185.2953491,42.2240181,2.750966549,42.20349884,62.65745926,
43.00083542,141.633255,43.02219009,2.321046591,43.04327011,68.50958252,43.11091614,134.2575378,43.09010315,3.580532074,43.06968689,70.26080322,43.13735199,141.2147064,43.15775299,2.664298534,43.17844009,72.92074585,43.24451828,183.414505,43.22385406,2.613841772,43.20333099,62.95652771,
44.00083542,144.400589,44.02219009,2.39220953,44.04343796,69.88554382,44.1116066,134.0749054,44.09008408,3.811924458,44.06985092,70.50454712,44.1378746,140.6699829,44.15935516,2.486163855,44.17974854,73.4081955,44.24785614,179.2243195,44.2275238,2.862793207,44.20602036,62.56900787,
45.00083542,143.0333252,45.0222702,2.352046728,45.04283524,68.77349854,45.11021042,134.8569489,45.08935547,3.414638042,45.06837463,71.34760284,45.13635254,136.6335602,45.1574173,2.61920476,45.17850113,73.5032959,45.24691391,181.780365,45.22608185,2.97852087,45.20503998,61.73883438,
46.00083542,142.2966614,46.02099991,2.273621321,46.04187393,68.42125702,46.10741806,134.2224426,46.0868721,3.666111469,46.06583405,70.99939728,46.13249969,136.8938751,46.1528511,2.653206825,46.17391586,71.09356689,46.24241638,180.6027985,46.22101974,2.890797377,46.20001984,62.52536011,
47.00083542,146.5608826,47.02168655,2.44839263,47.04207993,67.66740417,47.10983658,133.2312622,47.08958435,3.569239378,47.06835556,70.40538788,47.13652039,138.9308472,47.15702057,2.515340567,47.17808533,72.73258209,47.24466705,185.001297,47.22333145,2.807500362,47.2021637,62.46025085,
48.00083542,143.6545105,48.02149963,2.383310556,48.04268646,67.0946579,48.10853958,134.549408,48.08833313,3.710575104,48.06710434,70.38550568,48.13483429,135.6407013,48.15602112,2.283472061,48.17635345,71.99421692,48.24451828,185.0042267,48.22418594,2.893939495,48.20299911,62.86863327,
49.00083542,142.9072571,49.02202225,2.3120749,49.04319,67.36475372,49.11018753,132.9011841,49.0893364,3.574654818,49.06949997,70.07468414,49.13666534,138.1473083,49.1571846,2.283014059,49.17774963,72.38187408,49.2452507,184.7905579,49.22435379,2.684320688,49.20399857,62.57691956,
50.00083542,141.3513336,50.02050018,2.359998941,50.04083252,68.81922913,50.10885239,133.1089325,50.08833313,3.634357691,50.06733322,69.48583221,50.13416672,135.5210876,50.15483475,2.404115915,50.17585373,74.0270462,50.24251938,183.3284454,50.22133255,2.838537216,50.20027161,61.49603271,
51.00083542,141.8610077,51.02177048,2.419324398,51.04285431,68.61971283,51.11041641,139.241394,51.08935547,3.671298981,51.06835556,71.28414154,51.13618469,138.5737457,51.15685272,2.574589729,51.17833328,72.05188751,51.24618912,185.2721863,51.22518539,2.794461489,51.20508194,63.48538971,
52.00083542,141.960083,52.0218544,2.376483202,52.04285431,67.70200348,52.11049652,138.0348969,52.08952332,3.890053749,52.06899643,71.88436127,52.13750076,141.3711243,52.15833282,2.629139423,52.17837143,70.97293091,52.24733353,187.466217,52.22608185,3.031114817,52.2053566,66.00950623,
53.00083542,145.1132202,53.02083206,2.416254759,53.04191589,69.02840424,53.10943604,139.1561279,53.08885574,3.864392281,53.06816864,70.49307251,53.13450241,137.3856964,53.15554047,2.472373486,53.1760025,72.1616745,53.24435043,181.0243988,53.2231636,2.783560753,53.20260239,63.33265305,
54.00083542,141.0590668,54.02268982,2.430233479,54.04316711,70.21083069,54.11149979,134.0583344,54.09008408,3.510174751,54.0693512,71.65370178,54.13537598,135.8347931,54.15660477,2.374187946,54.17799759,72.05263519,54.24399948,189.5217743,54.22269058,3.041630745,54.20235443,61.15195084,
55.00083542,138.7532349,55.02193451,2.345807076,55.04335403,69.47008514,55.11135101,135.3411865,55.09016418,3.731431007,55.069664,70.30534363,55.13500214,137.0419769,55.15604401,2.555611134,55.17650223,72.68814087,55.24483109,181.9052887,55.22325134,2.654903173,55.20285416,63.79521561,
56.00083542,142.8199921,56.02020645,2.421154737,56.04133224,68.22871399,56.10733414,133.5907745,56.08683395,3.656564236,56.06583405,71.47265625,56.13349915,138.246109,56.15368652,2.606096983,56.17475128,73.3503952,56.2410202,190.3688812,56.22003937,2.943376303,56.19952011,62.95497894,
57.00083542,139.7780457,57.0215416,2.412362814,57.04300308,69.60747528,57.10883331,132.6466827,57.08774948,3.672390699,57.06720734,71.32717133,57.13526917,135.4034119,57.15618896,2.61386466,57.1765213,70.65129089,57.24468613,185.1369476,57.2243309,2.757507086,57.20293808,62.34304047,
58.00083542,139.1351776,58.02141571,2.440237999,58.04283524,68.38809204,58.10902023,136.2453613,58.0878334,3.676270485,58.06716537,70.94285583,58.13493729,135.9570007,58.15566635,2.51295495,58.17618942,71.78394318,58.24352264,183.9006042,58.22266769,2.918967009,58.20258331,62.70460129,
59.00083542,144.6654053,59.02168655,2.651174545,59.04291534,67.56681824,59.11049652,133.491745,59.09020996,3.336988211,59.06902313,69.43032074,59.13735199,139.638443,59.15827179,2.81532979,59.17950058,70.32356262,59.2468338,187.0576477,59.22616959,3.101380825,59.20558167,63.03604126,
60.00083542,141.4253998,60.02183533,2.539541245,60.04291534,67.27472687,60.10935593,132.3943329,60.0881691,3.662366152,60.0668335,69.25833893,60.13500214,138.6938629,60.15566635,2.68445015,60.1775856,72.10813141,60.24533463,187.2834473,60.22426987,2.943653345,60.20299911,62.66897202,
61.00083542,144.214325,61.02051926,2.504612684,61.04170609,68.85807037,61.10943604,136.696991,61.08835602,3.519697905,61.06783295,69.27639008,61.13568878,139.7300415,61.15687561,2.605386972,61.17808533,74.337677,61.24419022,187.9022675,61.22285461,2.725742579,61.20183563,62.75237274,
62.00083542,138.880722,62.02116776,2.527268887,62.04216766,68.63773346,62.11116409,131.7601624,62.08958435,3.651962996,62.06868744,70.23755646,62.13727188,137.4325256,62.15749741,2.747450352,62.17802048,71.5975647,62.24487305,188.5965271,62.22368622,2.815727234,62.20326996,62.82380295,
63.00083542,142.749649,63.02143478,2.399595022,63.04185486,68.93498993,63.10716629,134.9913788,63.08699799,3.611860275,63.06554413,69.97471619,63.13335419,135.8157196,63.15383148,2.621171236,63.17485428,70.50346375,63.24320984,188.9155884,63.22183609,2.945028782,63.20133591,61.97451019,
64.0008316,139.5385895,64.02116394,2.545828819,64.04235077,67.19095612,64.11016846,135.0520782,64.08916473,3.705251217,64.06900024,69.75386047,64.13487244,134.7093506,64.15543365,2.55497241,64.1765213,71.04577637,64.2438736,185.7480469,64.22333527,2.967620134,64.20275116,61.42942047,
65.0008316,139.416626,65.02191925,2.29464817,65.04335785,67.27281189,65.11174774,132.2190552,65.09018707,3.61135006,65.06968689,70.42948914,65.13600159,134.7363129,65.15718842,2.478909254,65.17808533,72.19217682,65.24460602,187.9913483,65.22304535,2.855511189,65.2026825,62.62802887,
66.0008316,140.1843872,66.02191925,2.535640717,66.04316711,68.49676514,66.11083221,131.4162598,66.09049988,3.693163633,66.06937408,71.13989258,66.13626862,136.8444977,66.15650177,2.570998192,66.1776886,70.01708984,66.24382782,189.6373291,66.22268677,2.986088514,66.2021637,62.19608307,
67.0008316,141.8012848,67.02152252,2.572858334,67.04199982,68.50234222,67.10985565,133.3941803,67.08950043,3.497953653,67.06819153,70.8813324,67.13460541,137.2134247,67.15567017,2.598412991,67.17618561,70.85588074,67.24352264,185.2322083,67.22302246,2.96281004,67.20266724,61.76761246,
68.0008316,140.5749817,68.02166748,2.566661835,68.04302216,68.26426697,68.10926819,135.7906342,68.08818817,3.76928401,68.06783295,69.938591,68.13368988,138.0867615,68.15403748,2.667433262,68.17533112,71.1516571,68.242836,191.0409698,68.22257996,2.946863651,68.20118713,63.33280945,
69.0008316,139.3376923,69.02037811,2.609797239,69.04160309,66.80488586,69.10941315,131.445343,69.08887482,3.772736788,69.06771088,70.06551361,69.13433075,135.7367859,69.15554047,2.622596741,69.17666626,69.87424469,69.24282837,189.102951,69.22151947,2.857954979,69.20116425,61.24352264,
70.0008316,138.7407074,70.02119446,2.329210758,70.04158783,67.40816498,70.10993958,132.8391724,70.08885193,3.521462679,70.06816101,69.28292847,70.1361618,134.6803131,70.15735626,2.465078115,70.17771149,71.05316162,70.24599457,188.2126465,70.22516632,2.942369938,70.20417023,61.17656326,
71.0008316,139.6854248,71.02233124,2.472949743,71.04283142,68.44060516,71.10926819,129.8150024,71.08802032,3.931360245,71.06752014,70.4956131,71.13568878,139.5538177,71.15670776,2.578682184,71.17700195,70.89149475,71.24333191,186.9615936,71.22291565,2.922249317,71.20168304,62.86708832,
72.0008316,140.7153473,72.02201843,2.49874258,72.0424118,67.08466339,72.11051941,134.4316711,72.08966827,3.747881413,72.0693512,69.8104248,72.13716888,138.5406647,72.15766907,2.552451849,72.17835236,70.98960876,72.24668884,188.5662994,72.22583008,3.077914953,72.20466614,64.24771118,
73.0008316,141.8414764,73.02235413,2.333856106,73.04283142,67.18797302,73.10852051,131.230484,73.08799744,3.739602089,73.06749725,69.99247742,73.13477325,134.2559967,73.15510559,2.58180213,73.17610931,70.67995453,73.24452209,190.2804718,73.22325134,3.138988733,73.20224762,61.98875809,
74.0008316,138.0572052,74.02083588,2.706139565,74.04183197,67.12775421,74.10993958,130.8577881,74.08901978,3.443357944,74.06735229,69.76998901,74.13601685,135.1146698,74.15653992,2.788038254,74.17708588,71.8632431,74.24516296,191.4655304,74.22370911,3.061304092,74.20352173,62.7944603,
75.0008316,138.6115265,75.02149963,2.374477625,75.04249573,66.23288727,75.10785675,130.8769226,75.08750153,3.500869036,75.06654358,68.55168152,75.1344986,135.7697449,75.15576935,2.697897434,75.17668152,70.16031647,75.24193573,191.2165985,75.22132874,2.860585213,75.20116425,61.9280014,
76.0008316,141.1225739,76.0214386,2.582182169,76.04235077,68.04000092,76.10849762,129.5614929,76.0874176,3.792416811,76.06703949,69.91988373,76.13475037,133.2895203,76.15599823,2.557664871,76.17618561,71.33868408,76.24404144,190.5290527,76.22368622,3.05786109,76.2026825,61.96878433,
77.0008316,139.0110626,77.02217102,2.587817669,77.04268646,67.75390625,77.10916138,131.8676147,77.08799744,3.71279335,77.06691742,70.29640961,77.13549805,135.39711,77.15602112,2.729559898,77.17668152,71.99938965,77.24304199,190.1374207,77.22183228,3.280541182,77.20054626,60.80303192,
78.0008316,137.8625946,78.02171326,2.549750805,78.04283142,67.26944733,78.1108551,131.9476929,78.08983612,3.611446142,78.06937408,70.87043762,78.13485718,133.5671082,78.1566925,2.601419687,78.17749786,71.00884247,78.2436676,186.2706604,78.22237396,3.148629427,78.20201874,61.27193832,
79.0008316,142.6609955,79.02076721,2.705005884,79.04169464,65.63002014,79.10832977,129.5389099,79.08716583,3.820030451,79.06559753,68.99729156,79.13218689,133.3842926,79.15354156,2.738995075,79.17366791,70.79575348,79.241745,187.7571259,79.22049713,3.132573366,79.20024872,61.46224213,
80.0008316,137.247345,80.02127075,2.678634405,80.04199982,66.46218109,80.10933685,131.9486694,80.08808899,3.657347679,80.06721497,68.03598022,80.13337708,132.3694153,80.15457916,2.875188589,80.17500305,70.65814209,80.24182892,193.8330994,80.22067261,3.007733107,80.20024872,63.59391785,
81.0008316,140.9824829,81.02066803,2.613946915,81.04254913,67.27845764,81.11060333,131.4877319,81.08951569,3.707106829,81.06833649,68.64925385,81.13685608,133.8883057,81.15808105,2.650037527,81.17900085,70.68325043,81.24716949,188.5801239,81.22610474,3.356445074,81.20502472,60.62366486,
82.0008316,138.8607635,82.02165985,2.764919758,82.04251862,65.10250092,82.11116791,129.9847107,82.09033203,3.866535187,82.06900024,71.10675049,82.13487244,135.2338562,82.15599823,2.833413839,82.17744446,69.96881866,82.24327087,188.0297546,82.22202301,3.004366636,82.201828,62.08361816,
83.0008316,137.1958466,83.02119446,2.466738224,83.04208374,65.9383316,83.11100006,130.9934387,83.08958435,3.857740879,83.06851959,67.56330872,83.13535309,133.7025604,83.15568542,2.628658772,83.17671204,69.98929596,83.24466705,191.0197296,83.22325134,3.273963451,83.20283508,63.18635559,
84.0008316,137.4792175,84.02116394,2.769971848,84.04202271,66.5577774,84.11019135,131.5775299,84.08983612,3.415775776,84.06900024,69.71615601,84.13687134,133.816391,84.15799713,2.811897516,84.17849731,70.08387756,84.24666595,192.2505035,84.22616577,3.040595531,84.20487213,60.25286865,
85.0008316,142.1352844,85.02124786,2.542669535,85.04249573,65.37996674,85.11116791,129.6341705,85.08974457,3.890282869,85.0693512,70.80562592,85.13558197,135.7610474,85.15650177,2.75795722,85.17749786,71.77727509,85.24333191,189.1698151,85.22216797,3.211542368,85.2012558,61.33124924,
86.0008316,141.8468323,86.02085876,2.73842597,86.04199982,66.17392731,86.10935211,130.3379211,86.08899689,3.830463171,86.06833649,70.20717621,86.13583374,131.2648163,86.15703583,2.675553799,86.17790985,70.71934509,86.24368286,190.8842468,86.22318268,3.106667519,86.20200348,62.01676941,
87.0008316,140.2589874,87.02165985,2.665253639,87.04187775,66.01411438,87.10991669,132.8340607,87.08951569,3.681833029,87.0684967,68.9372406,87.13619232,132.7835388,87.1574173,2.890854597,87.17816925,68.24803162,87.24599457,189.0823822,87.22616577,3.262835979,87.20443726,60.31356049,
88.0008316,140.5144806,88.02158356,2.460889578,88.04283142,65.69596863,88.10918427,129.1715088,88.08850098,3.910864592,88.06741333,68.42018127,88.13525391,132.1094818,88.15650177,2.879576921,88.17653656,69.36982727,88.24453735,191.6777649,88.22385406,3.197385788,88.20283508,61.72829819,
89.0008316,135.8462677,89.02104187,2.593497276,89.04216003,67.57112885,89.11049652,128.9051514,89.08960724,3.752359867,89.06858826,69.41883087,89.1364212,131.3593597,89.15766907,2.757585287,89.17790985,69.94680023,89.24466705,192.9266357,89.22366333,3.265254021,89.20326996,59.63363647,
90.0008316,137.9902496,90.02104187,2.523669481,90.04133606,66.64007568,90.11019135,128.4533081,90.08899689,3.854621172,90.06791687,69.50051117,90.13437653,132.9393311,90.15491486,2.684265375,90.1763382,69.48082733,90.24333191,194.0445709,90.22293854,3.251145124,90.20258331,61.11673737,

Sample A1,
Sample A1
Collection Time: 07-Mar-24 1:48:23 PM
Operator Name  :
Kinetics Software Version: 1.2(146)
Parameter List :
Report Time: Thu 07 Mar 01:48:23 PM 2024
Software version: 1.2(146)
Operator:
Instrument Parameters
Instrument                        Cary Eclipse
Instrument Serial Number          MY18160001
Data mode                         Fluorescence
Ex. wavelength (nm)               493.00
Em. wavelength (nm)               517.00
Ex. Slit (nm)                     10
Em. Slit (nm)                     10
Averaging Time (s)                0.1000
Cycle time(min)                   1.0000
Stop time(min)                    90.0000
Emission filter                   Open
Excitation Filter                 Auto
PMT voltage (V)                   600
Wellplate                         ON
Plate format                     96 Wells
Read position                    Well centre
Multi-zero                       OFF
Auto-zero                        OFF
Well                            A1
Comments:
Method Log     :
Method Name    : Default
Date/Time stamp: 07-Mar-24 1:40:14 PM
Method Modifications:
Wellplate Overlay Mode Changed: 07-Mar-24 1:40:15 PM, Old:Individual, New:Choice 1
Wellplate Overlay Mode Changed: 07-Mar-24 1:40:15 PM, Old:Overlay all, New:Choice 2
Wellplate Overlay Mode Changed: 07-Mar-24 1:40:15 PM, Old:Overlay rows, New:Choice 3
Wellplate Overlay Mode Changed: 07-Mar-24 1:40:15 PM, Old:Overlay columns, New:Choice 4
Wellplate Overlay Mode Changed: 07-Mar-24 1:40:15 PM, Old:User defined, New:Overlay columns
Well plate reader Changed: 07-Mar-24 1:41:59 PM, Old:OFF, New:ON
Excitation Wavelength Changed: 07-Mar-24 1:41:59 PM, Old: 400.00, New: 493.00
Emission Wavelength Changed: 07-Mar-24 1:41:59 PM, Old: 600.00, New: 517.00
Cycle Time 1 Changed: 07-Mar-24 1:41:59 PM, Old: 0.0000, New: 1.0000
Stop Time 1 Changed: 07-Mar-24 1:41:59 PM, Old: 1.0000, New:90.0000
Wellplate Samples Changed: 07-Mar-24 1:41:59 PM, Old:, New:A1;A2;A3;B1;B2;B3;C1;C2;C3;D1;D2;D3;
Ex. Slit Width (nm): Changed: 07-Mar-24 1:42:40 PM, Old:5, New:10
Em. Slit Width (nm): Changed: 07-Mar-24 1:42:40 PM, Old:5, New:10
End Method Modifications

Sample A2,
Sample A2
Collection Time: 07-Mar-24 1:48:23 PM
Operator Name  :
Kinetics Software Version: 1.2(146)
Parameter List :
Report Time: Thu 07 Mar 01:48:23 PM 2024
Software version: 1.2(146)
Operator:
Instrument Parameters
Instrument                        Cary Eclipse
Instrument Serial Number          MY18160001
Data mode                         Fluorescence
Ex. wavelength (nm)               493.00
Em. wavelength (nm)               517.00
Ex. Slit (nm)                     10
Em. Slit (nm)                     10
Averaging Time (s)                0.1000
Cycle time(min)                   1.0000
Stop time(min)                    90.0000
Emission filter                   Open
Excitation Filter                 Auto
PMT voltage (V)                   600
Wellplate                         ON
Plate format                     96 Wells
Read position                    Well centre
Multi-zero                       OFF
Auto-zero                        OFF
Well                            A1
Comments:
Method Log     :
Method Name    : Default
Date/Time stamp: 07-Mar-24 1:40:14 PM
Method Modifications:
Wellplate Overlay Mode Changed: 07-Mar-24 1:40:15 PM, Old:Individual, New:Choice 1
Wellplate Overlay Mode Changed: 07-Mar-24 1:40:15 PM, Old:Overlay all, New:Choice 2
Wellplate Overlay Mode Changed: 07-Mar-24 1:40:15 PM, Old:Overlay rows, New:Choice 3
Wellplate Overlay Mode Changed: 07-Mar-24 1:40:15 PM, Old:Overlay columns, New:Choice 4
Wellplate Overlay Mode Changed: 07-Mar-24 1:40:15 PM, Old:User defined, New:Overlay columns
Well plate reader Changed: 07-Mar-24 1:41:59 PM, Old:OFF, New:ON
Excitation Wavelength Changed: 07-Mar-24 1:41:59 PM, Old: 400.00, New: 493.00
Emission Wavelength Changed: 07-Mar-24 1:41:59 PM, Old: 600.00, New: 517.00
Cycle Time 1 Changed: 07-Mar-24 1:41:59 PM, Old: 0.0000, New: 1.0000
Stop Time 1 Changed: 07-Mar-24 1:41:59 PM, Old: 1.0000, New:90.0000
Wellplate Samples Changed: 07-Mar-24 1:41:59 PM, Old:, New:A1;A2;A3;B1;B2;B3;C1;C2;C3;D1;D2;D3;
Ex. Slit Width (nm): Changed: 07-Mar-24 1:42:40 PM, Old:5, New:10
Em. Slit Width (nm): Changed: 07-Mar-24 1:42:40 PM, Old:5, New:10
End Method Modifications

Sample A3,
Sample A3
Collection Time: 07-Mar-24 1:48:23 PM
Operator Name  :
Kinetics Software Version: 1.2(146)
Parameter List :
Report Time: Thu 07 Mar 01:48:23 PM 2024
Software version: 1.2(146)
Operator:
Instrument Parameters
Instrument                        Cary Eclipse
Instrument Serial Number          MY18160001
Data mode                         Fluorescence
Ex. wavelength (nm)               493.00
Em. wavelength (nm)               517.00
Ex. Slit (nm)                     10
Em. Slit (nm)                     10
Averaging Time (s)                0.1000
Cycle time(min)                   1.0000
Stop time(min)                    90.0000
Emission filter                   Open
Excitation Filter                 Auto
PMT voltage (V)                   600
Wellplate                         ON
Plate format                     96 Wells
Read position                    Well centre
Multi-zero                       OFF
Auto-zero                        OFF
Well                            A1
Comments:
Method Log     :
Method Name    : Default
Date/Time stamp: 07-Mar-24 1:40:14 PM
Method Modifications:
Wellplate Overlay Mode Changed: 07-Mar-24 1:40:15 PM, Old:Individual, New:Choice 1
Wellplate Overlay Mode Changed: 07-Mar-24 1:40:15 PM, Old:Overlay all, New:Choice 2
Wellplate Overlay Mode Changed: 07-Mar-24 1:40:15 PM, Old:Overlay rows, New:Choice 3
Wellplate Overlay Mode Changed: 07-Mar-24 1:40:15 PM, Old:Overlay columns, New:Choice 4
Wellplate Overlay Mode Changed: 07-Mar-24 1:40:15 PM, Old:User defined, New:Overlay columns
Well plate reader Changed: 07-Mar-24 1:41:59 PM, Old:OFF, New:ON
Excitation Wavelength Changed: 07-Mar-24 1:41:59 PM, Old: 400.00, New: 493.00
Emission Wavelength Changed: 07-Mar-24 1:41:59 PM, Old: 600.00, New: 517.00
Cycle Time 1 Changed: 07-Mar-24 1:41:59 PM, Old: 0.0000, New: 1.0000
Stop Time 1 Changed: 07-Mar-24 1:41:59 PM, Old: 1.0000, New:90.0000
Wellplate Samples Changed: 07-Mar-24 1:41:59 PM, Old:, New:A1;A2;A3;B1;B2;B3;C1;C2;C3;D1;D2;D3;
Ex. Slit Width (nm): Changed: 07-Mar-24 1:42:40 PM, Old:5, New:10
Em. Slit Width (nm): Changed: 07-Mar-24 1:42:40 PM, Old:5, New:10
End Method Modifications

Sample B1,
Sample B1
Collection Time: 07-Mar-24 1:48:23 PM
Operator Name  :
Kinetics Software Version: 1.2(146)
Parameter List :
Report Time: Thu 07 Mar 01:48:23 PM 2024
Software version: 1.2(146)
Operator:
Instrument Parameters
Instrument                        Cary Eclipse
Instrument Serial Number          MY18160001
Data mode                         Fluorescence
Ex. wavelength (nm)               493.00
Em. wavelength (nm)               517.00
Ex. Slit (nm)                     10
Em. Slit (nm)                     10
Averaging Time (s)                0.1000
Cycle time(min)                   1.0000
Stop time(min)                    90.0000
Emission filter                   Open
Excitation Filter                 Auto
PMT voltage (V)                   600
Wellplate                         ON
Plate format                     96 Wells
Read position                    Well centre
Multi-zero                       OFF
Auto-zero                        OFF
Well                            A1
Comments:
Method Log     :
Method Name    : Default
Date/Time stamp: 07-Mar-24 1:40:14 PM
Method Modifications:
Wellplate Overlay Mode Changed: 07-Mar-24 1:40:15 PM, Old:Individual, New:Choice 1
Wellplate Overlay Mode Changed: 07-Mar-24 1:40:15 PM, Old:Overlay all, New:Choice 2
Wellplate Overlay Mode Changed: 07-Mar-24 1:40:15 PM, Old:Overlay rows, New:Choice 3
Wellplate Overlay Mode Changed: 07-Mar-24 1:40:15 PM, Old:Overlay columns, New:Choice 4
Wellplate Overlay Mode Changed: 07-Mar-24 1:40:15 PM, Old:User defined, New:Overlay columns
Well plate reader Changed: 07-Mar-24 1:41:59 PM, Old:OFF, New:ON
Excitation Wavelength Changed: 07-Mar-24 1:41:59 PM, Old: 400.00, New: 493.00
Emission Wavelength Changed: 07-Mar-24 1:41:59 PM, Old: 600.00, New: 517.00
Cycle Time 1 Changed: 07-Mar-24 1:41:59 PM, Old: 0.0000, New: 1.0000
Stop Time 1 Changed: 07-Mar-24 1:41:59 PM, Old: 1.0000, New:90.0000
Wellplate Samples Changed: 07-Mar-24 1:41:59 PM, Old:, New:A1;A2;A3;B1;B2;B3;C1;C2;C3;D1;D2;D3;
Ex. Slit Width (nm): Changed: 07-Mar-24 1:42:40 PM, Old:5, New:10
Em. Slit Width (nm): Changed: 07-Mar-24 1:42:40 PM, Old:5, New:10
End Method Modifications

Sample B2,
Sample B2
Collection Time: 07-Mar-24 1:48:23 PM
Operator Name  :
Kinetics Software Version: 1.2(146)
Parameter List :
Report Time: Thu 07 Mar 01:48:23 PM 2024
Software version: 1.2(146)
Operator:
Instrument Parameters
Instrument                        Cary Eclipse
Instrument Serial Number          MY18160001
Data mode                         Fluorescence
Ex. wavelength (nm)               493.00
Em. wavelength (nm)               517.00
Ex. Slit (nm)                     10
Em. Slit (nm)                     10
Averaging Time (s)                0.1000
Cycle time(min)                   1.0000
Stop time(min)                    90.0000
Emission filter                   Open
Excitation Filter                 Auto
PMT voltage (V)                   600
Wellplate                         ON
Plate format                     96 Wells
Read position                    Well centre
Multi-zero                       OFF
Auto-zero                        OFF
Well                            A1
Comments:
Method Log     :
Method Name    : Default
Date/Time stamp: 07-Mar-24 1:40:14 PM
Method Modifications:
Wellplate Overlay Mode Changed: 07-Mar-24 1:40:15 PM, Old:Individual, New:Choice 1
Wellplate Overlay Mode Changed: 07-Mar-24 1:40:15 PM, Old:Overlay all, New:Choice 2
Wellplate Overlay Mode Changed: 07-Mar-24 1:40:15 PM, Old:Overlay rows, New:Choice 3
Wellplate Overlay Mode Changed: 07-Mar-24 1:40:15 PM, Old:Overlay columns, New:Choice 4
Wellplate Overlay Mode Changed: 07-Mar-24 1:40:15 PM, Old:User defined, New:Overlay columns
Well plate reader Changed: 07-Mar-24 1:41:59 PM, Old:OFF, New:ON
Excitation Wavelength Changed: 07-Mar-24 1:41:59 PM, Old: 400.00, New: 493.00
Emission Wavelength Changed: 07-Mar-24 1:41:59 PM, Old: 600.00, New: 517.00
Cycle Time 1 Changed: 07-Mar-24 1:41:59 PM, Old: 0.0000, New: 1.0000
Stop Time 1 Changed: 07-Mar-24 1:41:59 PM, Old: 1.0000, New:90.0000
Wellplate Samples Changed: 07-Mar-24 1:41:59 PM, Old:, New:A1;A2;A3;B1;B2;B3;C1;C2;C3;D1;D2;D3;
Ex. Slit Width (nm): Changed: 07-Mar-24 1:42:40 PM, Old:5, New:10
Em. Slit Width (nm): Changed: 07-Mar-24 1:42:40 PM, Old:5, New:10
End Method Modifications

Sample B3,
Sample B3
Collection Time: 07-Mar-24 1:48:23 PM
Operator Name  :
Kinetics Software Version: 1.2(146)
Parameter List :
Report Time: Thu 07 Mar 01:48:23 PM 2024
Software version: 1.2(146)
Operator:
Instrument Parameters
Instrument                        Cary Eclipse
Instrument Serial Number          MY18160001
Data mode                         Fluorescence
Ex. wavelength (nm)               493.00
Em. wavelength (nm)               517.00
Ex. Slit (nm)                     10
Em. Slit (nm)                     10
Averaging Time (s)                0.1000
Cycle time(min)                   1.0000
Stop time(min)                    90.0000
Emission filter                   Open
Excitation Filter                 Auto
PMT voltage (V)                   600
Wellplate                         ON
Plate format                     96 Wells
Read position                    Well centre
Multi-zero                       OFF
Auto-zero                        OFF
Well                            A1
Comments:
Method Log     :
Method Name    : Default
Date/Time stamp: 07-Mar-24 1:40:14 PM
Method Modifications:
Wellplate Overlay Mode Changed: 07-Mar-24 1:40:15 PM, Old:Individual, New:Choice 1
Wellplate Overlay Mode Changed: 07-Mar-24 1:40:15 PM, Old:Overlay all, New:Choice 2
Wellplate Overlay Mode Changed: 07-Mar-24 1:40:15 PM, Old:Overlay rows, New:Choice 3
Wellplate Overlay Mode Changed: 07-Mar-24 1:40:15 PM, Old:Overlay columns, New:Choice 4
Wellplate Overlay Mode Changed: 07-Mar-24 1:40:15 PM, Old:User defined, New:Overlay columns
Well plate reader Changed: 07-Mar-24 1:41:59 PM, Old:OFF, New:ON
Excitation Wavelength Changed: 07-Mar-24 1:41:59 PM, Old: 400.00, New: 493.00
Emission Wavelength Changed: 07-Mar-24 1:41:59 PM, Old: 600.00, New: 517.00
Cycle Time 1 Changed: 07-Mar-24 1:41:59 PM, Old: 0.0000, New: 1.0000
Stop Time 1 Changed: 07-Mar-24 1:41:59 PM, Old: 1.0000, New:90.0000
Wellplate Samples Changed: 07-Mar-24 1:41:59 PM, Old:, New:A1;A2;A3;B1;B2;B3;C1;C2;C3;D1;D2;D3;
Ex. Slit Width (nm): Changed: 07-Mar-24 1:42:40 PM, Old:5, New:10
Em. Slit Width (nm): Changed: 07-Mar-24 1:42:40 PM, Old:5, New:10
End Method Modifications

Sample C1,
Sample C1
Collection Time: 07-Mar-24 1:48:23 PM
Operator Name  :
Kinetics Software Version: 1.2(146)
Parameter List :
Report Time: Thu 07 Mar 01:48:23 PM 2024
Software version: 1.2(146)
Operator:
Instrument Parameters
Instrument                        Cary Eclipse
Instrument Serial Number          MY18160001
Data mode                         Fluorescence
Ex. wavelength (nm)               493.00
Em. wavelength (nm)               517.00
Ex. Slit (nm)                     10
Em. Slit (nm)                     10
Averaging Time (s)                0.1000
Cycle time(min)                   1.0000
Stop time(min)                    90.0000
Emission filter                   Open
Excitation Filter                 Auto
PMT voltage (V)                   600
Wellplate                         ON
Plate format                     96 Wells
Read position                    Well centre
Multi-zero                       OFF
Auto-zero                        OFF
Well                            A1
Comments:
Method Log     :
Method Name    : Default
Date/Time stamp: 07-Mar-24 1:40:14 PM
Method Modifications:
Wellplate Overlay Mode Changed: 07-Mar-24 1:40:15 PM, Old:Individual, New:Choice 1
Wellplate Overlay Mode Changed: 07-Mar-24 1:40:15 PM, Old:Overlay all, New:Choice 2
Wellplate Overlay Mode Changed: 07-Mar-24 1:40:15 PM, Old:Overlay rows, New:Choice 3
Wellplate Overlay Mode Changed: 07-Mar-24 1:40:15 PM, Old:Overlay columns, New:Choice 4
Wellplate Overlay Mode Changed: 07-Mar-24 1:40:15 PM, Old:User defined, New:Overlay columns
Well plate reader Changed: 07-Mar-24 1:41:59 PM, Old:OFF, New:ON
Excitation Wavelength Changed: 07-Mar-24 1:41:59 PM, Old: 400.00, New: 493.00
Emission Wavelength Changed: 07-Mar-24 1:41:59 PM, Old: 600.00, New: 517.00
Cycle Time 1 Changed: 07-Mar-24 1:41:59 PM, Old: 0.0000, New: 1.0000
Stop Time 1 Changed: 07-Mar-24 1:41:59 PM, Old: 1.0000, New:90.0000
Wellplate Samples Changed: 07-Mar-24 1:41:59 PM, Old:, New:A1;A2;A3;B1;B2;B3;C1;C2;C3;D1;D2;D3;
Ex. Slit Width (nm): Changed: 07-Mar-24 1:42:40 PM, Old:5, New:10
Em. Slit Width (nm): Changed: 07-Mar-24 1:42:40 PM, Old:5, New:10
End Method Modifications

Sample C2,
Sample C2
Collection Time: 07-Mar-24 1:48:23 PM
Operator Name  :
Kinetics Software Version: 1.2(146)
Parameter List :
Report Time: Thu 07 Mar 01:48:23 PM 2024
Software version: 1.2(146)
Operator:
Instrument Parameters
Instrument                        Cary Eclipse
Instrument Serial Number          MY18160001
Data mode                         Fluorescence
Ex. wavelength (nm)               493.00
Em. wavelength (nm)               517.00
Ex. Slit (nm)                     10
Em. Slit (nm)                     10
Averaging Time (s)                0.1000
Cycle time(min)                   1.0000
Stop time(min)                    90.0000
Emission filter                   Open
Excitation Filter                 Auto
PMT voltage (V)                   600
Wellplate                         ON
Plate format                     96 Wells
Read position                    Well centre
Multi-zero                       OFF
Auto-zero                        OFF
Well                            A1
Comments:
Method Log     :
Method Name    : Default
Date/Time stamp: 07-Mar-24 1:40:14 PM
Method Modifications:
Wellplate Overlay Mode Changed: 07-Mar-24 1:40:15 PM, Old:Individual, New:Choice 1
Wellplate Overlay Mode Changed: 07-Mar-24 1:40:15 PM, Old:Overlay all, New:Choice 2
Wellplate Overlay Mode Changed: 07-Mar-24 1:40:15 PM, Old:Overlay rows, New:Choice 3
Wellplate Overlay Mode Changed: 07-Mar-24 1:40:15 PM, Old:Overlay columns, New:Choice 4
Wellplate Overlay Mode Changed: 07-Mar-24 1:40:15 PM, Old:User defined, New:Overlay columns
Well plate reader Changed: 07-Mar-24 1:41:59 PM, Old:OFF, New:ON
Excitation Wavelength Changed: 07-Mar-24 1:41:59 PM, Old: 400.00, New: 493.00
Emission Wavelength Changed: 07-Mar-24 1:41:59 PM, Old: 600.00, New: 517.00
Cycle Time 1 Changed: 07-Mar-24 1:41:59 PM, Old: 0.0000, New: 1.0000
Stop Time 1 Changed: 07-Mar-24 1:41:59 PM, Old: 1.0000, New:90.0000
Wellplate Samples Changed: 07-Mar-24 1:41:59 PM, Old:, New:A1;A2;A3;B1;B2;B3;C1;C2;C3;D1;D2;D3;
Ex. Slit Width (nm): Changed: 07-Mar-24 1:42:40 PM, Old:5, New:10
Em. Slit Width (nm): Changed: 07-Mar-24 1:42:40 PM, Old:5, New:10
End Method Modifications

Sample C3,
Sample C3
Collection Time: 07-Mar-24 1:48:23 PM
Operator Name  :
Kinetics Software Version: 1.2(146)
Parameter List :
Report Time: Thu 07 Mar 01:48:23 PM 2024
Software version: 1.2(146)
Operator:
Instrument Parameters
Instrument                        Cary Eclipse
Instrument Serial Number          MY18160001
Data mode                         Fluorescence
Ex. wavelength (nm)               493.00
Em. wavelength (nm)               517.00
Ex. Slit (nm)                     10
Em. Slit (nm)                     10
Averaging Time (s)                0.1000
Cycle time(min)                   1.0000
Stop time(min)                    90.0000
Emission filter                   Open
Excitation Filter                 Auto
PMT voltage (V)                   600
Wellplate                         ON
Plate format                     96 Wells
Read position                    Well centre
Multi-zero                       OFF
Auto-zero                        OFF
Well                            A1
Comments:
Method Log     :
Method Name    : Default
Date/Time stamp: 07-Mar-24 1:40:14 PM
Method Modifications:
Wellplate Overlay Mode Changed: 07-Mar-24 1:40:15 PM, Old:Individual, New:Choice 1
Wellplate Overlay Mode Changed: 07-Mar-24 1:40:15 PM, Old:Overlay all, New:Choice 2
Wellplate Overlay Mode Changed: 07-Mar-24 1:40:15 PM, Old:Overlay rows, New:Choice 3
Wellplate Overlay Mode Changed: 07-Mar-24 1:40:15 PM, Old:Overlay columns, New:Choice 4
Wellplate Overlay Mode Changed: 07-Mar-24 1:40:15 PM, Old:User defined, New:Overlay columns
Well plate reader Changed: 07-Mar-24 1:41:59 PM, Old:OFF, New:ON
Excitation Wavelength Changed: 07-Mar-24 1:41:59 PM, Old: 400.00, New: 493.00
Emission Wavelength Changed: 07-Mar-24 1:41:59 PM, Old: 600.00, New: 517.00
Cycle Time 1 Changed: 07-Mar-24 1:41:59 PM, Old: 0.0000, New: 1.0000
Stop Time 1 Changed: 07-Mar-24 1:41:59 PM, Old: 1.0000, New:90.0000
Wellplate Samples Changed: 07-Mar-24 1:41:59 PM, Old:, New:A1;A2;A3;B1;B2;B3;C1;C2;C3;D1;D2;D3;
Ex. Slit Width (nm): Changed: 07-Mar-24 1:42:40 PM, Old:5, New:10
Em. Slit Width (nm): Changed: 07-Mar-24 1:42:40 PM, Old:5, New:10
End Method Modifications

Sample D1,
Sample D1
Collection Time: 07-Mar-24 1:48:23 PM
Operator Name  :
Kinetics Software Version: 1.2(146)
Parameter List :
Report Time: Thu 07 Mar 01:48:23 PM 2024
Software version: 1.2(146)
Operator:
Instrument Parameters
Instrument                        Cary Eclipse
Instrument Serial Number          MY18160001
Data mode                         Fluorescence
Ex. wavelength (nm)               493.00
Em. wavelength (nm)               517.00
Ex. Slit (nm)                     10
Em. Slit (nm)                     10
Averaging Time (s)                0.1000
Cycle time(min)                   1.0000
Stop time(min)                    90.0000
Emission filter                   Open
Excitation Filter                 Auto
PMT voltage (V)                   600
Wellplate                         ON
Plate format                     96 Wells
Read position                    Well centre
Multi-zero                       OFF
Auto-zero                        OFF
Well                            A1
Comments:
Method Log     :
Method Name    : Default
Date/Time stamp: 07-Mar-24 1:40:14 PM
Method Modifications:
Wellplate Overlay Mode Changed: 07-Mar-24 1:40:15 PM, Old:Individual, New:Choice 1
Wellplate Overlay Mode Changed: 07-Mar-24 1:40:15 PM, Old:Overlay all, New:Choice 2
Wellplate Overlay Mode Changed: 07-Mar-24 1:40:15 PM, Old:Overlay rows, New:Choice 3
Wellplate Overlay Mode Changed: 07-Mar-24 1:40:15 PM, Old:Overlay columns, New:Choice 4
Wellplate Overlay Mode Changed: 07-Mar-24 1:40:15 PM, Old:User defined, New:Overlay columns
Well plate reader Changed: 07-Mar-24 1:41:59 PM, Old:OFF, New:ON
Excitation Wavelength Changed: 07-Mar-24 1:41:59 PM, Old: 400.00, New: 493.00
Emission Wavelength Changed: 07-Mar-24 1:41:59 PM, Old: 600.00, New: 517.00
Cycle Time 1 Changed: 07-Mar-24 1:41:59 PM, Old: 0.0000, New: 1.0000
Stop Time 1 Changed: 07-Mar-24 1:41:59 PM, Old: 1.0000, New:90.0000
Wellplate Samples Changed: 07-Mar-24 1:41:59 PM, Old:, New:A1;A2;A3;B1;B2;B3;C1;C2;C3;D1;D2;D3;
Ex. Slit Width (nm): Changed: 07-Mar-24 1:42:40 PM, Old:5, New:10
Em. Slit Width (nm): Changed: 07-Mar-24 1:42:40 PM, Old:5, New:10
End Method Modifications

Sample D2,
Sample D2
Collection Time: 07-Mar-24 1:48:23 PM
Operator Name  :
Kinetics Software Version: 1.2(146)
Parameter List :
Report Time: Thu 07 Mar 01:48:23 PM 2024
Software version: 1.2(146)
Operator:
Instrument Parameters
Instrument                        Cary Eclipse
Instrument Serial Number          MY18160001
Data mode                         Fluorescence
Ex. wavelength (nm)               493.00
Em. wavelength (nm)               517.00
Ex. Slit (nm)                     10
Em. Slit (nm)                     10
Averaging Time (s)                0.1000
Cycle time(min)                   1.0000
Stop time(min)                    90.0000
Emission filter                   Open
Excitation Filter                 Auto
PMT voltage (V)                   600
Wellplate                         ON
Plate format                     96 Wells
Read position                    Well centre
Multi-zero                       OFF
Auto-zero                        OFF
Well                            A1
Comments:
Method Log     :
Method Name    : Default
Date/Time stamp: 07-Mar-24 1:40:14 PM
Method Modifications:
Wellplate Overlay Mode Changed: 07-Mar-24 1:40:15 PM, Old:Individual, New:Choice 1
Wellplate Overlay Mode Changed: 07-Mar-24 1:40:15 PM, Old:Overlay all, New:Choice 2
Wellplate Overlay Mode Changed: 07-Mar-24 1:40:15 PM, Old:Overlay rows, New:Choice 3
Wellplate Overlay Mode Changed: 07-Mar-24 1:40:15 PM, Old:Overlay columns, New:Choice 4
Wellplate Overlay Mode Changed: 07-Mar-24 1:40:15 PM, Old:User defined, New:Overlay columns
Well plate reader Changed: 07-Mar-24 1:41:59 PM, Old:OFF, New:ON
Excitation Wavelength Changed: 07-Mar-24 1:41:59 PM, Old: 400.00, New: 493.00
Emission Wavelength Changed: 07-Mar-24 1:41:59 PM, Old: 600.00, New: 517.00
Cycle Time 1 Changed: 07-Mar-24 1:41:59 PM, Old: 0.0000, New: 1.0000
Stop Time 1 Changed: 07-Mar-24 1:41:59 PM, Old: 1.0000, New:90.0000
Wellplate Samples Changed: 07-Mar-24 1:41:59 PM, Old:, New:A1;A2;A3;B1;B2;B3;C1;C2;C3;D1;D2;D3;
Ex. Slit Width (nm): Changed: 07-Mar-24 1:42:40 PM, Old:5, New:10
Em. Slit Width (nm): Changed: 07-Mar-24 1:42:40 PM, Old:5, New:10
End Method Modifications

Sample D3,
Sample D3
Collection Time: 07-Mar-24 1:48:23 PM
Operator Name  :
Kinetics Software Version: 1.2(146)
Parameter List :
Report Time: Thu 07 Mar 01:48:23 PM 2024
Software version: 1.2(146)
Operator:
Instrument Parameters
Instrument                        Cary Eclipse
Instrument Serial Number          MY18160001
Data mode                         Fluorescence
Ex. wavelength (nm)               493.00
Em. wavelength (nm)               517.00
Ex. Slit (nm)                     10
Em. Slit (nm)                     10
Averaging Time (s)                0.1000
Cycle time(min)                   1.0000
Stop time(min)                    90.0000
Emission filter                   Open
Excitation Filter                 Auto
PMT voltage (V)                   600
Wellplate                         ON
Plate format                     96 Wells
Read position                    Well centre
Multi-zero                       OFF
Auto-zero                        OFF
Well                            A1
Comments:
Method Log     :
Method Name    : Default
Date/Time stamp: 07-Mar-24 1:40:14 PM
Method Modifications:
Wellplate Overlay Mode Changed: 07-Mar-24 1:40:15 PM, Old:Individual, New:Choice 1
Wellplate Overlay Mode Changed: 07-Mar-24 1:40:15 PM, Old:Overlay all, New:Choice 2
Wellplate Overlay Mode Changed: 07-Mar-24 1:40:15 PM, Old:Overlay rows, New:Choice 3
Wellplate Overlay Mode Changed: 07-Mar-24 1:40:15 PM, Old:Overlay columns, New:Choice 4
Wellplate Overlay Mode Changed: 07-Mar-24 1:40:15 PM, Old:User defined, New:Overlay columns
Well plate reader Changed: 07-Mar-24 1:41:59 PM, Old:OFF, New:ON
Excitation Wavelength Changed: 07-Mar-24 1:41:59 PM, Old: 400.00, New: 493.00
Emission Wavelength Changed: 07-Mar-24 1:41:59 PM, Old: 600.00, New: 517.00
Cycle Time 1 Changed: 07-Mar-24 1:41:59 PM, Old: 0.0000, New: 1.0000
Stop Time 1 Changed: 07-Mar-24 1:41:59 PM, Old: 1.0000, New:90.0000
Wellplate Samples Changed: 07-Mar-24 1:41:59 PM, Old:, New:A1;A2;A3;B1;B2;B3;C1;C2;C3;D1;D2;D3;
Ex. Slit Width (nm): Changed: 07-Mar-24 1:42:40 PM, Old:5, New:10
Em. Slit Width (nm): Changed: 07-Mar-24 1:42:40 PM, Old:5, New:10
End Method Modifications

