Wavelength (nm),Intensity (a.u.),Z Axis,
,Sample A1,Sample A2,Sample A3,Sample A4,Sample A5,Sample A6,Sample A7,Sample A8,Sample B8,Sample B7,Sample B6,Sample B5,Sample B4,Sample B3,Sample B2,Sample B1,Sample C1,Sample C2,Sample C3,Sample C4,Sample C5,Sample C6,Sample C7,Sample C8
,1,2,3,4,5,6,7,8,9,10,11,12,13,14,15,16,17,18,19,20,21,22,23,24
575,4.37493133544922,507.258666992188,183.476928710938,110.835357666016,61.4633598327637,23.3350257873535,15.2639427185059,10.9815063476562,9.13292121887207,11.9777002334595,22.8351631164551,60.9735794067383,101.240013122559,190.523025512695,466.081726074219,4.61061763763428,4.2296633720398,404.985137939453,183.847518920898,94.3912963867187,56.3262023925781,21.4348526000977,12.9574041366577,8.82977294921875
576.02001953125,3.76462721824646,564.2900390625,205.497650146484,125.491111755371,67.7363204956055,26.827917098999,15.9954767227173,10.8802976608276,9.43190479278564,12.9792108535767,26.112663269043,66.3727264404297,113.864166259766,216.352645874023,522.532348632812,4.27529239654541,3.66843175888062,459.113128662109,206.507949829102,106.74006652832,62.0835342407227,22.2944984436035,14.3137044906616,9.54448413848877
577.049987792969,3.39865493774414,632.376342773437,230.067153930664,135.870864868164,75.1325302124023,28.5427875518799,17.2955665588379,11.2404956817627,10.5987501144409,14.1257953643799,27.8454971313477,71.3749084472656,121.996200561523,238.538208007813,584.6416015625,3.50609469413757,3.68910264968872,508.427429199219,228.107925415039,117.712287902832,69.1535339355469,25.776912689209,14.6190242767334,9.7283935546875
577.940002441406,2.95239496231079,695.906005859375,245.977478027344,147.966201782227,81.4899597167969,31.3852615356445,18.3462677001953,12.0443201065063,10.0815687179565,14.9535112380981,31.1951122283936,77.1854553222656,133.979049682617,255.39826965332,636.488037109375,3.48190689086914,3.74886250495911,559.422790527344,251.851593017578,128.714492797852,73.7137451171875,27.4898357391357,16.017728805542,10.0192470550537
578.969970703125,3.06079435348511,758.305541992188,269.439758300781,159.65608215332,88.0852355957031,33.0379905700684,20.0968799591064,12.2848749160767,10.9019756317139,16.4313220977783,32.5928382873535,85.2130355834961,148.576080322266,286.380126953125,699.975341796875,3.22076010704041,3.16963052749634,607.603088378906,273.745788574219,140.544174194336,80.8163299560547,29.9155426025391,17.0157318115234,11.4278516769409
580,2.98860836029053,823.691284179688,295.710906982422,173.745620727539,97.3250427246094,35.3654098510742,21.0255279541016,12.7360153198242,10.7867088317871,17.6841163635254,35.0258979797363,93.3350524902344,158.088439941406,308.5615234375,761.768615722656,3.28498148918152,2.98611998558044,674.344787597656,293.827026367188,153.884002685547,87.2848052978516,32.6112670898438,18.2003116607666,11.3375425338745
581.039978027344,2.25360298156738,886.857116699219,316.286193847656,188.097015380859,103.825836181641,38.6380157470703,22.0170440673828,13.9375371932983,11.6081647872925,19.0133419036865,37.6771850585937,99.9706802368164,172.064453125,338.232299804687,822.215576171875,2.81602573394775,2.8860297203064,720.800842285156,329.65771484375,164.532043457031,95.0046310424805,35.3726425170898,18.490291595459,11.4074697494507
581.940002441406,2.56629586219788,951.39990234375,341.502593994141,201.99072265625,111.033172607422,40.3084144592285,24.0929698944092,14.4168243408203,12.0832567214966,20.0333576202393,40.5839653015137,105.715339660645,183.518753051758,357.536560058594,879.73046875,2.35866856575012,2.54967141151428,772.182373046875,343.695129394531,174.715835571289,101.656929016113,36.7548980712891,19.7307300567627,12.7520761489868
582.97998046875,2.22957301139832,1000,364.187530517578,209.362884521484,117.53076171875,43.2498931884766,24.8933944702148,15.1280498504639,12.2455768585205,20.3147392272949,41.2331428527832,112.656150817871,196.835723876953,381.040740966797,947.873840332031,2.38183832168579,2.35441255569458,835.635070800781,371.159149169922,187.612747192383,107.845664978027,38.3911590576172,21.1304130554199,13.8232755661011
584.02001953125,1.96218001842499,1000,379.251739501953,222.852081298828,123.84888458252,45.1017723083496,26.207950592041,16.6859836578369,13.9889545440674,22.2029457092285,43.2992477416992,120.181869506836,205.888793945313,403.773712158203,1000,2.23979163169861,2.4177680015564,900.277160644531,387.559265136719,198.386383056641,113.261596679688,39.6313896179199,21.9000663757324,13.5369033813477
585.070007324219,1.82022094726562,1000,400.878387451172,235.608932495117,131.155303955078,48.1974487304687,26.9377288818359,16.2832374572754,13.488260269165,22.563871383667,47.5202713012695,126.39575958252,216.583999633789,424.857818603516,1000,2.31430459022522,2.1191086769104,938.058715820312,414.139556884766,207.52653503418,120.734962463379,42.9778747558594,23.243595123291,14.5961666107178
585.969970703125,2.15529251098633,1000,412.138671875,242.477935791016,137.529006958008,50.2661476135254,28.4898681640625,16.9290447235107,14.4485292434692,22.4461994171143,48.5334129333496,129.212646484375,222.863784790039,435.64208984375,1000,2.0866219997406,1.74167084693909,986.100036621094,435.357360839844,218.038131713867,123.080032348633,43.8688735961914,23.649076461792,14.8705453872681
587.010009765625,1.63395619392395,1000,436.024475097656,258.181823730469,144.005249023438,52.4724006652832,29.352611541748,17.1182956695557,15.0265607833862,24.5933094024658,50.0489044189453,134.42463684082,233.72200012207,453.356964111328,1000,2.01492547988892,2.19351243972778,1000,457.032928466797,224.714920043945,127.817047119141,45.9377975463867,24.2859210968018,15.6658926010132
588.049987792969,1.66654181480408,1000,457.11474609375,263.955139160156,145.846176147461,53.0469665527344,30.34889793396,17.8877639770508,14.9875106811523,24.5687503814697,51.730712890625,138.917297363281,244.421859741211,477.315368652344,1000,2.01349806785583,1.73887026309967,1000,469.373992919922,236.216445922852,135.211318969727,47.9694747924805,25.5891628265381,15.3271799087524
588.950012207031,1.59175324440002,1000,460.138458251953,271.031158447266,149.136215209961,55.1895790100098,30.8670597076416,17.9164524078369,15.5887107849121,25.5074005126953,53.2136383056641,140.948501586914,249.32438659668,494.911865234375,1000,1.52940285205841,1.71109175682068,1000,490.177673339844,242.722900390625,137.9091796875,48.4195976257324,26.7931804656982,15.9264993667603
590,1.59468185901642,1000,469.399871826172,281.701568603516,153.878280639648,54.1999359130859,32.0059127807617,18.3357105255127,15.7475938796997,26.2894668579102,54.532299041748,147.922668457031,256.594879150391,502.627075195313,1000,1.94310581684113,1.80754315853119,1000,502.684173583984,249.034439086914,139.727355957031,49.6304092407227,26.7162914276123,17.0793724060059
591.02001953125,1.55282473564148,1000,482.632202148438,282.851104736328,155.15754699707,56.6847305297852,31.7353115081787,18.6400032043457,15.9357376098633,26.3241767883301,54.3102188110352,149.036758422852,262.248596191406,516.283386230469,1000,1.59973204135895,1.56517851352692,1000,507.179748535156,249.88166809082,143.797790527344,49.6718406677246,27.0836048126221,17.4419689178467
592.049987792969,1.65605342388153,1000,486.36083984375,284.122467041016,156.869430541992,56.7090263366699,32.5601387023926,18.683443069458,16.2072162628174,26.9821891784668,55.8072166442871,149.135437011719,264.993896484375,517.503112792969,1000,1.56730818748474,1.59108984470367,1000,521.587768554687,253.781051635742,146.680847167969,52.0954170227051,27.5598011016846,16.9071846008301
592.940002441406,1.32097864151001,1000,496.726104736328,289.7802734375,159.989624023438,57.0862121582031,32.9372138977051,19.2085342407227,16.3342094421387,27.2953338623047,56.7700157165527,149.963775634766,267.188629150391,522.011169433594,1000,1.62781119346619,1.51461505889893,1000,523.790954589844,260.275238037109,147.31559753418,51.2787666320801,27.1095409393311,17.1495609283447
593.969970703125,1.30431544780731,1000,498.384735107422,290.333312988281,158.144149780273,56.9930610656738,32.5551223754883,18.5863914489746,15.8384628295898,27.7363796234131,55.3994979858398,149.83283996582,268.937652587891,534.785705566406,1000,1.56029415130615,1.31523668766022,1000,522.045104980469,256.329681396484,149.466384887695,52.7287521362305,26.9637012481689,17.345911026001
595,1.49439120292664,1000,498.875,291.21875,157.896759033203,56.1284637451172,31.7058410644531,18.7255229949951,16.4076652526855,27.0198612213135,54.732250213623,150.489120483398,266.271331787109,521.329650878906,1000,1.45638513565063,1.45742630958557,1000,524.233947753906,261.194305419922,147.76676940918,52.2169151306152,27.3539752960205,17.2511348724365
596.02001953125,1.39138829708099,1000,487.365386962891,289.162017822266,156.867874145508,55.2711448669434,31.9042510986328,17.6303844451904,15.6433973312378,27.066047668457,55.8984336853027,147.755599975586,264.514862060547,517.827880859375,1000,1.58463287353516,1.23213863372803,1000,528.671875,258.787902832031,147.50813293457,51.7468147277832,27.5859508514404,16.6417922973633
597.049987792969,1.15956354141235,1000,487.531982421875,283.651794433594,151.427703857422,54.8317527770996,31.6506023406982,18.708646774292,16.0499420166016,25.2904720306396,54.4890365600586,146.341918945313,259.473297119141,517.798828125,1000,1.48189318180084,1.34740197658539,1000,520.339172363281,255.562698364258,146.248870849609,50.4279022216797,26.8425674438477,16.253698348999
597.940002441406,1.2131165266037,1000,480.011108398438,279.796264648438,151.878631591797,54.0267181396484,31.1055221557617,18.0842418670654,15.6749601364136,26.769229888916,53.7910499572754,145.776306152344,251.270599365234,507.709869384766,1000,1.2580269575119,1.38570690155029,1000,504.070770263672,250.124298095703,143.330062866211,50.1675987243652,27.1616535186768,16.7657794952393
598.969970703125,1.43717765808105,1000,463.238098144531,271.166778564453,147.233520507813,53.2507629394531,29.7015266418457,17.3864059448242,14.9370470046997,25.4072666168213,52.968994140625,142.517730712891,250.910430908203,500.601898193359,1000,1.2568234205246,1.48214018344879,1000,503.324462890625,245.638916015625,138.303146362305,48.9609794616699,26.2878589630127,16.3571147918701
600,1.3560745716095,1000,452.028106689453,266.578643798828,146.383392333984,52.0449562072754,29.0502796173096,16.9229907989502,14.0531187057495,24.5366039276123,51.0986862182617,138.128509521484,241.411636352539,487.1611328125,1000,1.51731026172638,1.4304267168045,1000,488.432586669922,238.588516235352,137.560699462891,48.375129699707,25.6558132171631,15.7528648376465
601.02001953125,1.00325584411621,1000,439.891021728516,258.223419189453,141.705490112305,49.787899017334,27.8349952697754,16.8275489807129,14.4355945587158,23.5688362121582,49.7009811401367,131.966781616211,236.272308349609,469.462005615234,1000,1.41779613494873,1.13038325309753,1000,477.648345947266,229.654754638672,134.302368164062,46.5094718933105,24.2876567840576,15.3709726333618
602.049987792969,0.961187243461609,1000,419.118072509766,246.39616394043,135.739898681641,48.8606033325195,28.0494403839111,15.7960767745972,13.6622972488403,23.2070655822754,48.0246124267578,128.082366943359,229.270874023438,447.110412597656,1000,1.25699925422668,1.27588760852814,1000,457.794311523438,222.695602416992,126.643760681152,44.6671600341797,23.7510242462158,14.4214515686035
602.940002441406,1.04718136787415,1000,411.613220214844,240.687515258789,129.437881469727,46.994701385498,25.5536308288574,15.1543750762939,13.0177516937256,22.4522151947021,45.6959266662598,125.839393615723,219.093215942383,437.459259033203,1000,0.935996532440186,1.04760158061981,1000,444.54638671875,215.738693237305,122.077255249023,43.5369491577148,22.4706287384033,14.4637002944946
603.969970703125,1.01322817802429,1000,393.968933105469,228.163955688477,125.46263885498,44.4975547790527,25.7935314178467,14.3336162567139,12.8128614425659,21.360408782959,43.5163459777832,120.590118408203,210.542327880859,417.007629394531,1000,1.16888499259949,0.986101567745209,1000,425.208679199219,207.329803466797,117.532791137695,40.2037887573242,20.7685871124268,13.8491725921631
605,1.21241521835327,1000,375.082580566406,222.076690673828,118.57633972168,41.790714263916,24.0796489715576,13.982816696167,12.2297525405884,20.3898887634277,42.5429763793945,115.861427307129,197.797744750977,399.372650146484,1000,0.971617579460144,1.0551061630249,965.572265625,407.719573974609,200.395523071289,112.492874145508,38.7720069885254,21.0963344573975,13.1405324935913

Sample A1
Collection Time: 15-Jun-23 11:35:46 AM
Operator Name  :
Scan Software Version: 1.2(147)
Parameter List :
Instrument                        Cary Eclipse
Instrument Serial Number          MY18160001
Data mode                         Fluorescence
Scan mode                         Emission
X Mode                            Wavelength (nm)
Start (nm)                        575.00
Stop (nm)                         605.00
Ex. Wavelength (nm)               555.00
Ex. Slit (nm)                     10
Em. Slit (nm)                     10
Scan rate (nm/min)                600.00
Data interval (nm)                1.0000
Averaging Time (s)                0.1000
Excitation filter                 Auto
Emission filter                   Open
PMT voltage (V)                   600
Corrected spectra                 OFF
Wellplate                         ON
Plate format                     96 Wells
Read position                    Well centre
Multi-zero                       OFF
Auto-zero                        OFF
Well                            A1
Method Log     :
Method Name    : Default
Date/Time stamp: 15-Jun-23 11:27:13 AM
Method Modifications:
PMT Volts Changed: 15-Jun-23 11:29:46 AM, Old:600, New:400
Well plate reader Changed: 15-Jun-23 11:29:46 AM, Old:OFF, New:ON
User Delta Stop Changed: 15-Jun-23 11:29:46 AM, Old: 450.00, New: 555.00
User Delta Increment Changed: 15-Jun-23 11:29:46 AM, Old:  10.00, New:   0.15
Emission PMT (V): Changed: 15-Jun-23 11:29:46 AM, Old: 600, New: 400
Excitation Wavelength Changed: 15-Jun-23 11:29:46 AM, Old: 350.00, New: 555.00
Emission Wavelength Changed: 15-Jun-23 11:29:46 AM, Old: 400.00, New: 570.00
Stop Wavelength Changed: 15-Jun-23 11:29:46 AM, Old: 600.00, New: 590.00
Wellplate Samples Changed: 15-Jun-23 11:29:46 AM, Old:, New:A1;A2;A3;A4;A5;A6;A7;A8;B1;B2;B3;B4;B5;B6;B7;B8;C1;C2;C3;C4;C5;C6;C7;C8;
PMT Volts Changed: 15-Jun-23 11:30:56 AM, Old:400, New:600
Emission PMT (V): Changed: 15-Jun-23 11:30:56 AM, Old: 400, New: 600
Overlayed Graphs Changed: 15-Jun-23 11:31:46 AM, Old:OFF, New:ON
Overlayed Graphs Changed: 15-Jun-23 11:35:10 AM, Old:ON, New:OFF
Ex. Slit Width (nm): Changed: 15-Jun-23 11:35:10 AM, Old:5, New:10
Em. Slit Width (nm): Changed: 15-Jun-23 11:35:10 AM, Old:5, New:10
Emission Wavelength Changed: 15-Jun-23 11:35:10 AM, Old: 570.00, New: 575.00
Stop Wavelength Changed: 15-Jun-23 11:35:10 AM, Old: 590.00, New: 605.00
Overlayed Graphs Changed: 15-Jun-23 11:35:45 AM, Old:OFF, New:ON
End Method Modifications

Sample A2
Collection Time: 15-Jun-23 11:36:00 AM
Operator Name  :
Scan Software Version: 1.2(147)
Parameter List :
Instrument                        Cary Eclipse
Instrument Serial Number          MY18160001
Data mode                         Fluorescence
Scan mode                         Emission
X Mode                            Wavelength (nm)
Start (nm)                        575.00
Stop (nm)                         605.00
Ex. Wavelength (nm)               555.00
Ex. Slit (nm)                     10
Em. Slit (nm)                     10
Scan rate (nm/min)                600.00
Data interval (nm)                1.0000
Averaging Time (s)                0.1000
Excitation filter                 Auto
Emission filter                   Open
PMT voltage (V)                   600
Corrected spectra                 OFF
Wellplate                         ON
Plate format                     96 Wells
Read position                    Well centre
Multi-zero                       OFF
Auto-zero                        OFF
Well                            A1
Method Log     :
Method Name    : Default
Date/Time stamp: 15-Jun-23 11:27:13 AM
Method Modifications:
PMT Volts Changed: 15-Jun-23 11:29:46 AM, Old:600, New:400
Well plate reader Changed: 15-Jun-23 11:29:46 AM, Old:OFF, New:ON
User Delta Stop Changed: 15-Jun-23 11:29:46 AM, Old: 450.00, New: 555.00
User Delta Increment Changed: 15-Jun-23 11:29:46 AM, Old:  10.00, New:   0.15
Emission PMT (V): Changed: 15-Jun-23 11:29:46 AM, Old: 600, New: 400
Excitation Wavelength Changed: 15-Jun-23 11:29:46 AM, Old: 350.00, New: 555.00
Emission Wavelength Changed: 15-Jun-23 11:29:46 AM, Old: 400.00, New: 570.00
Stop Wavelength Changed: 15-Jun-23 11:29:46 AM, Old: 600.00, New: 590.00
Wellplate Samples Changed: 15-Jun-23 11:29:46 AM, Old:, New:A1;A2;A3;A4;A5;A6;A7;A8;B1;B2;B3;B4;B5;B6;B7;B8;C1;C2;C3;C4;C5;C6;C7;C8;
PMT Volts Changed: 15-Jun-23 11:30:56 AM, Old:400, New:600
Emission PMT (V): Changed: 15-Jun-23 11:30:56 AM, Old: 400, New: 600
Overlayed Graphs Changed: 15-Jun-23 11:31:46 AM, Old:OFF, New:ON
Overlayed Graphs Changed: 15-Jun-23 11:35:10 AM, Old:ON, New:OFF
Ex. Slit Width (nm): Changed: 15-Jun-23 11:35:10 AM, Old:5, New:10
Em. Slit Width (nm): Changed: 15-Jun-23 11:35:10 AM, Old:5, New:10
Emission Wavelength Changed: 15-Jun-23 11:35:10 AM, Old: 570.00, New: 575.00
Stop Wavelength Changed: 15-Jun-23 11:35:10 AM, Old: 590.00, New: 605.00
Overlayed Graphs Changed: 15-Jun-23 11:35:45 AM, Old:OFF, New:ON
End Method Modifications

Sample A3
Collection Time: 15-Jun-23 11:36:04 AM
Operator Name  :
Scan Software Version: 1.2(147)
Parameter List :
Instrument                        Cary Eclipse
Instrument Serial Number          MY18160001
Data mode                         Fluorescence
Scan mode                         Emission
X Mode                            Wavelength (nm)
Start (nm)                        575.00
Stop (nm)                         605.00
Ex. Wavelength (nm)               555.00
Ex. Slit (nm)                     10
Em. Slit (nm)                     10
Scan rate (nm/min)                600.00
Data interval (nm)                1.0000
Averaging Time (s)                0.1000
Excitation filter                 Auto
Emission filter                   Open
PMT voltage (V)                   600
Corrected spectra                 OFF
Wellplate                         ON
Plate format                     96 Wells
Read position                    Well centre
Multi-zero                       OFF
Auto-zero                        OFF
Well                            A1
Method Log     :
Method Name    : Default
Date/Time stamp: 15-Jun-23 11:27:13 AM
Method Modifications:
PMT Volts Changed: 15-Jun-23 11:29:46 AM, Old:600, New:400
Well plate reader Changed: 15-Jun-23 11:29:46 AM, Old:OFF, New:ON
User Delta Stop Changed: 15-Jun-23 11:29:46 AM, Old: 450.00, New: 555.00
User Delta Increment Changed: 15-Jun-23 11:29:46 AM, Old:  10.00, New:   0.15
Emission PMT (V): Changed: 15-Jun-23 11:29:46 AM, Old: 600, New: 400
Excitation Wavelength Changed: 15-Jun-23 11:29:46 AM, Old: 350.00, New: 555.00
Emission Wavelength Changed: 15-Jun-23 11:29:46 AM, Old: 400.00, New: 570.00
Stop Wavelength Changed: 15-Jun-23 11:29:46 AM, Old: 600.00, New: 590.00
Wellplate Samples Changed: 15-Jun-23 11:29:46 AM, Old:, New:A1;A2;A3;A4;A5;A6;A7;A8;B1;B2;B3;B4;B5;B6;B7;B8;C1;C2;C3;C4;C5;C6;C7;C8;
PMT Volts Changed: 15-Jun-23 11:30:56 AM, Old:400, New:600
Emission PMT (V): Changed: 15-Jun-23 11:30:56 AM, Old: 400, New: 600
Overlayed Graphs Changed: 15-Jun-23 11:31:46 AM, Old:OFF, New:ON
Overlayed Graphs Changed: 15-Jun-23 11:35:10 AM, Old:ON, New:OFF
Ex. Slit Width (nm): Changed: 15-Jun-23 11:35:10 AM, Old:5, New:10
Em. Slit Width (nm): Changed: 15-Jun-23 11:35:10 AM, Old:5, New:10
Emission Wavelength Changed: 15-Jun-23 11:35:10 AM, Old: 570.00, New: 575.00
Stop Wavelength Changed: 15-Jun-23 11:35:10 AM, Old: 590.00, New: 605.00
Overlayed Graphs Changed: 15-Jun-23 11:35:45 AM, Old:OFF, New:ON
End Method Modifications

Sample A4
Collection Time: 15-Jun-23 11:36:09 AM
Operator Name  :
Scan Software Version: 1.2(147)
Parameter List :
Instrument                        Cary Eclipse
Instrument Serial Number          MY18160001
Data mode                         Fluorescence
Scan mode                         Emission
X Mode                            Wavelength (nm)
Start (nm)                        575.00
Stop (nm)                         605.00
Ex. Wavelength (nm)               555.00
Ex. Slit (nm)                     10
Em. Slit (nm)                     10
Scan rate (nm/min)                600.00
Data interval (nm)                1.0000
Averaging Time (s)                0.1000
Excitation filter                 Auto
Emission filter                   Open
PMT voltage (V)                   600
Corrected spectra                 OFF
Wellplate                         ON
Plate format                     96 Wells
Read position                    Well centre
Multi-zero                       OFF
Auto-zero                        OFF
Well                            A1
Method Log     :
Method Name    : Default
Date/Time stamp: 15-Jun-23 11:27:13 AM
Method Modifications:
PMT Volts Changed: 15-Jun-23 11:29:46 AM, Old:600, New:400
Well plate reader Changed: 15-Jun-23 11:29:46 AM, Old:OFF, New:ON
User Delta Stop Changed: 15-Jun-23 11:29:46 AM, Old: 450.00, New: 555.00
User Delta Increment Changed: 15-Jun-23 11:29:46 AM, Old:  10.00, New:   0.15
Emission PMT (V): Changed: 15-Jun-23 11:29:46 AM, Old: 600, New: 400
Excitation Wavelength Changed: 15-Jun-23 11:29:46 AM, Old: 350.00, New: 555.00
Emission Wavelength Changed: 15-Jun-23 11:29:46 AM, Old: 400.00, New: 570.00
Stop Wavelength Changed: 15-Jun-23 11:29:46 AM, Old: 600.00, New: 590.00
Wellplate Samples Changed: 15-Jun-23 11:29:46 AM, Old:, New:A1;A2;A3;A4;A5;A6;A7;A8;B1;B2;B3;B4;B5;B6;B7;B8;C1;C2;C3;C4;C5;C6;C7;C8;
PMT Volts Changed: 15-Jun-23 11:30:56 AM, Old:400, New:600
Emission PMT (V): Changed: 15-Jun-23 11:30:56 AM, Old: 400, New: 600
Overlayed Graphs Changed: 15-Jun-23 11:31:46 AM, Old:OFF, New:ON
Overlayed Graphs Changed: 15-Jun-23 11:35:10 AM, Old:ON, New:OFF
Ex. Slit Width (nm): Changed: 15-Jun-23 11:35:10 AM, Old:5, New:10
Em. Slit Width (nm): Changed: 15-Jun-23 11:35:10 AM, Old:5, New:10
Emission Wavelength Changed: 15-Jun-23 11:35:10 AM, Old: 570.00, New: 575.00
Stop Wavelength Changed: 15-Jun-23 11:35:10 AM, Old: 590.00, New: 605.00
Overlayed Graphs Changed: 15-Jun-23 11:35:45 AM, Old:OFF, New:ON
End Method Modifications

Sample A5
Collection Time: 15-Jun-23 11:36:13 AM
Operator Name  :
Scan Software Version: 1.2(147)
Parameter List :
Instrument                        Cary Eclipse
Instrument Serial Number          MY18160001
Data mode                         Fluorescence
Scan mode                         Emission
X Mode                            Wavelength (nm)
Start (nm)                        575.00
Stop (nm)                         605.00
Ex. Wavelength (nm)               555.00
Ex. Slit (nm)                     10
Em. Slit (nm)                     10
Scan rate (nm/min)                600.00
Data interval (nm)                1.0000
Averaging Time (s)                0.1000
Excitation filter                 Auto
Emission filter                   Open
PMT voltage (V)                   600
Corrected spectra                 OFF
Wellplate                         ON
Plate format                     96 Wells
Read position                    Well centre
Multi-zero                       OFF
Auto-zero                        OFF
Well                            A1
Method Log     :
Method Name    : Default
Date/Time stamp: 15-Jun-23 11:27:13 AM
Method Modifications:
PMT Volts Changed: 15-Jun-23 11:29:46 AM, Old:600, New:400
Well plate reader Changed: 15-Jun-23 11:29:46 AM, Old:OFF, New:ON
User Delta Stop Changed: 15-Jun-23 11:29:46 AM, Old: 450.00, New: 555.00
User Delta Increment Changed: 15-Jun-23 11:29:46 AM, Old:  10.00, New:   0.15
Emission PMT (V): Changed: 15-Jun-23 11:29:46 AM, Old: 600, New: 400
Excitation Wavelength Changed: 15-Jun-23 11:29:46 AM, Old: 350.00, New: 555.00
Emission Wavelength Changed: 15-Jun-23 11:29:46 AM, Old: 400.00, New: 570.00
Stop Wavelength Changed: 15-Jun-23 11:29:46 AM, Old: 600.00, New: 590.00
Wellplate Samples Changed: 15-Jun-23 11:29:46 AM, Old:, New:A1;A2;A3;A4;A5;A6;A7;A8;B1;B2;B3;B4;B5;B6;B7;B8;C1;C2;C3;C4;C5;C6;C7;C8;
PMT Volts Changed: 15-Jun-23 11:30:56 AM, Old:400, New:600
Emission PMT (V): Changed: 15-Jun-23 11:30:56 AM, Old: 400, New: 600
Overlayed Graphs Changed: 15-Jun-23 11:31:46 AM, Old:OFF, New:ON
Overlayed Graphs Changed: 15-Jun-23 11:35:10 AM, Old:ON, New:OFF
Ex. Slit Width (nm): Changed: 15-Jun-23 11:35:10 AM, Old:5, New:10
Em. Slit Width (nm): Changed: 15-Jun-23 11:35:10 AM, Old:5, New:10
Emission Wavelength Changed: 15-Jun-23 11:35:10 AM, Old: 570.00, New: 575.00
Stop Wavelength Changed: 15-Jun-23 11:35:10 AM, Old: 590.00, New: 605.00
Overlayed Graphs Changed: 15-Jun-23 11:35:45 AM, Old:OFF, New:ON
End Method Modifications

Sample A6
Collection Time: 15-Jun-23 11:36:17 AM
Operator Name  :
Scan Software Version: 1.2(147)
Parameter List :
Instrument                        Cary Eclipse
Instrument Serial Number          MY18160001
Data mode                         Fluorescence
Scan mode                         Emission
X Mode                            Wavelength (nm)
Start (nm)                        575.00
Stop (nm)                         605.00
Ex. Wavelength (nm)               555.00
Ex. Slit (nm)                     10
Em. Slit (nm)                     10
Scan rate (nm/min)                600.00
Data interval (nm)                1.0000
Averaging Time (s)                0.1000
Excitation filter                 Auto
Emission filter                   Open
PMT voltage (V)                   600
Corrected spectra                 OFF
Wellplate                         ON
Plate format                     96 Wells
Read position                    Well centre
Multi-zero                       OFF
Auto-zero                        OFF
Well                            A1
Method Log     :
Method Name    : Default
Date/Time stamp: 15-Jun-23 11:27:13 AM
Method Modifications:
PMT Volts Changed: 15-Jun-23 11:29:46 AM, Old:600, New:400
Well plate reader Changed: 15-Jun-23 11:29:46 AM, Old:OFF, New:ON
User Delta Stop Changed: 15-Jun-23 11:29:46 AM, Old: 450.00, New: 555.00
User Delta Increment Changed: 15-Jun-23 11:29:46 AM, Old:  10.00, New:   0.15
Emission PMT (V): Changed: 15-Jun-23 11:29:46 AM, Old: 600, New: 400
Excitation Wavelength Changed: 15-Jun-23 11:29:46 AM, Old: 350.00, New: 555.00
Emission Wavelength Changed: 15-Jun-23 11:29:46 AM, Old: 400.00, New: 570.00
Stop Wavelength Changed: 15-Jun-23 11:29:46 AM, Old: 600.00, New: 590.00
Wellplate Samples Changed: 15-Jun-23 11:29:46 AM, Old:, New:A1;A2;A3;A4;A5;A6;A7;A8;B1;B2;B3;B4;B5;B6;B7;B8;C1;C2;C3;C4;C5;C6;C7;C8;
PMT Volts Changed: 15-Jun-23 11:30:56 AM, Old:400, New:600
Emission PMT (V): Changed: 15-Jun-23 11:30:56 AM, Old: 400, New: 600
Overlayed Graphs Changed: 15-Jun-23 11:31:46 AM, Old:OFF, New:ON
Overlayed Graphs Changed: 15-Jun-23 11:35:10 AM, Old:ON, New:OFF
Ex. Slit Width (nm): Changed: 15-Jun-23 11:35:10 AM, Old:5, New:10
Em. Slit Width (nm): Changed: 15-Jun-23 11:35:10 AM, Old:5, New:10
Emission Wavelength Changed: 15-Jun-23 11:35:10 AM, Old: 570.00, New: 575.00
Stop Wavelength Changed: 15-Jun-23 11:35:10 AM, Old: 590.00, New: 605.00
Overlayed Graphs Changed: 15-Jun-23 11:35:45 AM, Old:OFF, New:ON
End Method Modifications

Sample A7
Collection Time: 15-Jun-23 11:36:21 AM
Operator Name  :
Scan Software Version: 1.2(147)
Parameter List :
Instrument                        Cary Eclipse
Instrument Serial Number          MY18160001
Data mode                         Fluorescence
Scan mode                         Emission
X Mode                            Wavelength (nm)
Start (nm)                        575.00
Stop (nm)                         605.00
Ex. Wavelength (nm)               555.00
Ex. Slit (nm)                     10
Em. Slit (nm)                     10
Scan rate (nm/min)                600.00
Data interval (nm)                1.0000
Averaging Time (s)                0.1000
Excitation filter                 Auto
Emission filter                   Open
PMT voltage (V)                   600
Corrected spectra                 OFF
Wellplate                         ON
Plate format                     96 Wells
Read position                    Well centre
Multi-zero                       OFF
Auto-zero                        OFF
Well                            A1
Method Log     :
Method Name    : Default
Date/Time stamp: 15-Jun-23 11:27:13 AM
Method Modifications:
PMT Volts Changed: 15-Jun-23 11:29:46 AM, Old:600, New:400
Well plate reader Changed: 15-Jun-23 11:29:46 AM, Old:OFF, New:ON
User Delta Stop Changed: 15-Jun-23 11:29:46 AM, Old: 450.00, New: 555.00
User Delta Increment Changed: 15-Jun-23 11:29:46 AM, Old:  10.00, New:   0.15
Emission PMT (V): Changed: 15-Jun-23 11:29:46 AM, Old: 600, New: 400
Excitation Wavelength Changed: 15-Jun-23 11:29:46 AM, Old: 350.00, New: 555.00
Emission Wavelength Changed: 15-Jun-23 11:29:46 AM, Old: 400.00, New: 570.00
Stop Wavelength Changed: 15-Jun-23 11:29:46 AM, Old: 600.00, New: 590.00
Wellplate Samples Changed: 15-Jun-23 11:29:46 AM, Old:, New:A1;A2;A3;A4;A5;A6;A7;A8;B1;B2;B3;B4;B5;B6;B7;B8;C1;C2;C3;C4;C5;C6;C7;C8;
PMT Volts Changed: 15-Jun-23 11:30:56 AM, Old:400, New:600
Emission PMT (V): Changed: 15-Jun-23 11:30:56 AM, Old: 400, New: 600
Overlayed Graphs Changed: 15-Jun-23 11:31:46 AM, Old:OFF, New:ON
Overlayed Graphs Changed: 15-Jun-23 11:35:10 AM, Old:ON, New:OFF
Ex. Slit Width (nm): Changed: 15-Jun-23 11:35:10 AM, Old:5, New:10
Em. Slit Width (nm): Changed: 15-Jun-23 11:35:10 AM, Old:5, New:10
Emission Wavelength Changed: 15-Jun-23 11:35:10 AM, Old: 570.00, New: 575.00
Stop Wavelength Changed: 15-Jun-23 11:35:10 AM, Old: 590.00, New: 605.00
Overlayed Graphs Changed: 15-Jun-23 11:35:45 AM, Old:OFF, New:ON
End Method Modifications

Sample A8
Collection Time: 15-Jun-23 11:36:26 AM
Operator Name  :
Scan Software Version: 1.2(147)
Parameter List :
Instrument                        Cary Eclipse
Instrument Serial Number          MY18160001
Data mode                         Fluorescence
Scan mode                         Emission
X Mode                            Wavelength (nm)
Start (nm)                        575.00
Stop (nm)                         605.00
Ex. Wavelength (nm)               555.00
Ex. Slit (nm)                     10
Em. Slit (nm)                     10
Scan rate (nm/min)                600.00
Data interval (nm)                1.0000
Averaging Time (s)                0.1000
Excitation filter                 Auto
Emission filter                   Open
PMT voltage (V)                   600
Corrected spectra                 OFF
Wellplate                         ON
Plate format                     96 Wells
Read position                    Well centre
Multi-zero                       OFF
Auto-zero                        OFF
Well                            A1
Method Log     :
Method Name    : Default
Date/Time stamp: 15-Jun-23 11:27:13 AM
Method Modifications:
PMT Volts Changed: 15-Jun-23 11:29:46 AM, Old:600, New:400
Well plate reader Changed: 15-Jun-23 11:29:46 AM, Old:OFF, New:ON
User Delta Stop Changed: 15-Jun-23 11:29:46 AM, Old: 450.00, New: 555.00
User Delta Increment Changed: 15-Jun-23 11:29:46 AM, Old:  10.00, New:   0.15
Emission PMT (V): Changed: 15-Jun-23 11:29:46 AM, Old: 600, New: 400
Excitation Wavelength Changed: 15-Jun-23 11:29:46 AM, Old: 350.00, New: 555.00
Emission Wavelength Changed: 15-Jun-23 11:29:46 AM, Old: 400.00, New: 570.00
Stop Wavelength Changed: 15-Jun-23 11:29:46 AM, Old: 600.00, New: 590.00
Wellplate Samples Changed: 15-Jun-23 11:29:46 AM, Old:, New:A1;A2;A3;A4;A5;A6;A7;A8;B1;B2;B3;B4;B5;B6;B7;B8;C1;C2;C3;C4;C5;C6;C7;C8;
PMT Volts Changed: 15-Jun-23 11:30:56 AM, Old:400, New:600
Emission PMT (V): Changed: 15-Jun-23 11:30:56 AM, Old: 400, New: 600
Overlayed Graphs Changed: 15-Jun-23 11:31:46 AM, Old:OFF, New:ON
Overlayed Graphs Changed: 15-Jun-23 11:35:10 AM, Old:ON, New:OFF
Ex. Slit Width (nm): Changed: 15-Jun-23 11:35:10 AM, Old:5, New:10
Em. Slit Width (nm): Changed: 15-Jun-23 11:35:10 AM, Old:5, New:10
Emission Wavelength Changed: 15-Jun-23 11:35:10 AM, Old: 570.00, New: 575.00
Stop Wavelength Changed: 15-Jun-23 11:35:10 AM, Old: 590.00, New: 605.00
Overlayed Graphs Changed: 15-Jun-23 11:35:45 AM, Old:OFF, New:ON
End Method Modifications

Sample B8
Collection Time: 15-Jun-23 11:36:30 AM
Operator Name  :
Scan Software Version: 1.2(147)
Parameter List :
Instrument                        Cary Eclipse
Instrument Serial Number          MY18160001
Data mode                         Fluorescence
Scan mode                         Emission
X Mode                            Wavelength (nm)
Start (nm)                        575.00
Stop (nm)                         605.00
Ex. Wavelength (nm)               555.00
Ex. Slit (nm)                     10
Em. Slit (nm)                     10
Scan rate (nm/min)                600.00
Data interval (nm)                1.0000
Averaging Time (s)                0.1000
Excitation filter                 Auto
Emission filter                   Open
PMT voltage (V)                   600
Corrected spectra                 OFF
Wellplate                         ON
Plate format                     96 Wells
Read position                    Well centre
Multi-zero                       OFF
Auto-zero                        OFF
Well                            A1
Method Log     :
Method Name    : Default
Date/Time stamp: 15-Jun-23 11:27:13 AM
Method Modifications:
PMT Volts Changed: 15-Jun-23 11:29:46 AM, Old:600, New:400
Well plate reader Changed: 15-Jun-23 11:29:46 AM, Old:OFF, New:ON
User Delta Stop Changed: 15-Jun-23 11:29:46 AM, Old: 450.00, New: 555.00
User Delta Increment Changed: 15-Jun-23 11:29:46 AM, Old:  10.00, New:   0.15
Emission PMT (V): Changed: 15-Jun-23 11:29:46 AM, Old: 600, New: 400
Excitation Wavelength Changed: 15-Jun-23 11:29:46 AM, Old: 350.00, New: 555.00
Emission Wavelength Changed: 15-Jun-23 11:29:46 AM, Old: 400.00, New: 570.00
Stop Wavelength Changed: 15-Jun-23 11:29:46 AM, Old: 600.00, New: 590.00
Wellplate Samples Changed: 15-Jun-23 11:29:46 AM, Old:, New:A1;A2;A3;A4;A5;A6;A7;A8;B1;B2;B3;B4;B5;B6;B7;B8;C1;C2;C3;C4;C5;C6;C7;C8;
PMT Volts Changed: 15-Jun-23 11:30:56 AM, Old:400, New:600
Emission PMT (V): Changed: 15-Jun-23 11:30:56 AM, Old: 400, New: 600
Overlayed Graphs Changed: 15-Jun-23 11:31:46 AM, Old:OFF, New:ON
Overlayed Graphs Changed: 15-Jun-23 11:35:10 AM, Old:ON, New:OFF
Ex. Slit Width (nm): Changed: 15-Jun-23 11:35:10 AM, Old:5, New:10
Em. Slit Width (nm): Changed: 15-Jun-23 11:35:10 AM, Old:5, New:10
Emission Wavelength Changed: 15-Jun-23 11:35:10 AM, Old: 570.00, New: 575.00
Stop Wavelength Changed: 15-Jun-23 11:35:10 AM, Old: 590.00, New: 605.00
Overlayed Graphs Changed: 15-Jun-23 11:35:45 AM, Old:OFF, New:ON
End Method Modifications

Sample B7
Collection Time: 15-Jun-23 11:36:34 AM
Operator Name  :
Scan Software Version: 1.2(147)
Parameter List :
Instrument                        Cary Eclipse
Instrument Serial Number          MY18160001
Data mode                         Fluorescence
Scan mode                         Emission
X Mode                            Wavelength (nm)
Start (nm)                        575.00
Stop (nm)                         605.00
Ex. Wavelength (nm)               555.00
Ex. Slit (nm)                     10
Em. Slit (nm)                     10
Scan rate (nm/min)                600.00
Data interval (nm)                1.0000
Averaging Time (s)                0.1000
Excitation filter                 Auto
Emission filter                   Open
PMT voltage (V)                   600
Corrected spectra                 OFF
Wellplate                         ON
Plate format                     96 Wells
Read position                    Well centre
Multi-zero                       OFF
Auto-zero                        OFF
Well                            A1
Method Log     :
Method Name    : Default
Date/Time stamp: 15-Jun-23 11:27:13 AM
Method Modifications:
PMT Volts Changed: 15-Jun-23 11:29:46 AM, Old:600, New:400
Well plate reader Changed: 15-Jun-23 11:29:46 AM, Old:OFF, New:ON
User Delta Stop Changed: 15-Jun-23 11:29:46 AM, Old: 450.00, New: 555.00
User Delta Increment Changed: 15-Jun-23 11:29:46 AM, Old:  10.00, New:   0.15
Emission PMT (V): Changed: 15-Jun-23 11:29:46 AM, Old: 600, New: 400
Excitation Wavelength Changed: 15-Jun-23 11:29:46 AM, Old: 350.00, New: 555.00
Emission Wavelength Changed: 15-Jun-23 11:29:46 AM, Old: 400.00, New: 570.00
Stop Wavelength Changed: 15-Jun-23 11:29:46 AM, Old: 600.00, New: 590.00
Wellplate Samples Changed: 15-Jun-23 11:29:46 AM, Old:, New:A1;A2;A3;A4;A5;A6;A7;A8;B1;B2;B3;B4;B5;B6;B7;B8;C1;C2;C3;C4;C5;C6;C7;C8;
PMT Volts Changed: 15-Jun-23 11:30:56 AM, Old:400, New:600
Emission PMT (V): Changed: 15-Jun-23 11:30:56 AM, Old: 400, New: 600
Overlayed Graphs Changed: 15-Jun-23 11:31:46 AM, Old:OFF, New:ON
Overlayed Graphs Changed: 15-Jun-23 11:35:10 AM, Old:ON, New:OFF
Ex. Slit Width (nm): Changed: 15-Jun-23 11:35:10 AM, Old:5, New:10
Em. Slit Width (nm): Changed: 15-Jun-23 11:35:10 AM, Old:5, New:10
Emission Wavelength Changed: 15-Jun-23 11:35:10 AM, Old: 570.00, New: 575.00
Stop Wavelength Changed: 15-Jun-23 11:35:10 AM, Old: 590.00, New: 605.00
Overlayed Graphs Changed: 15-Jun-23 11:35:45 AM, Old:OFF, New:ON
End Method Modifications

Sample B6
Collection Time: 15-Jun-23 11:36:39 AM
Operator Name  :
Scan Software Version: 1.2(147)
Parameter List :
Instrument                        Cary Eclipse
Instrument Serial Number          MY18160001
Data mode                         Fluorescence
Scan mode                         Emission
X Mode                            Wavelength (nm)
Start (nm)                        575.00
Stop (nm)                         605.00
Ex. Wavelength (nm)               555.00
Ex. Slit (nm)                     10
Em. Slit (nm)                     10
Scan rate (nm/min)                600.00
Data interval (nm)                1.0000
Averaging Time (s)                0.1000
Excitation filter                 Auto
Emission filter                   Open
PMT voltage (V)                   600
Corrected spectra                 OFF
Wellplate                         ON
Plate format                     96 Wells
Read position                    Well centre
Multi-zero                       OFF
Auto-zero                        OFF
Well                            A1
Method Log     :
Method Name    : Default
Date/Time stamp: 15-Jun-23 11:27:13 AM
Method Modifications:
PMT Volts Changed: 15-Jun-23 11:29:46 AM, Old:600, New:400
Well plate reader Changed: 15-Jun-23 11:29:46 AM, Old:OFF, New:ON
User Delta Stop Changed: 15-Jun-23 11:29:46 AM, Old: 450.00, New: 555.00
User Delta Increment Changed: 15-Jun-23 11:29:46 AM, Old:  10.00, New:   0.15
Emission PMT (V): Changed: 15-Jun-23 11:29:46 AM, Old: 600, New: 400
Excitation Wavelength Changed: 15-Jun-23 11:29:46 AM, Old: 350.00, New: 555.00
Emission Wavelength Changed: 15-Jun-23 11:29:46 AM, Old: 400.00, New: 570.00
Stop Wavelength Changed: 15-Jun-23 11:29:46 AM, Old: 600.00, New: 590.00
Wellplate Samples Changed: 15-Jun-23 11:29:46 AM, Old:, New:A1;A2;A3;A4;A5;A6;A7;A8;B1;B2;B3;B4;B5;B6;B7;B8;C1;C2;C3;C4;C5;C6;C7;C8;
PMT Volts Changed: 15-Jun-23 11:30:56 AM, Old:400, New:600
Emission PMT (V): Changed: 15-Jun-23 11:30:56 AM, Old: 400, New: 600
Overlayed Graphs Changed: 15-Jun-23 11:31:46 AM, Old:OFF, New:ON
Overlayed Graphs Changed: 15-Jun-23 11:35:10 AM, Old:ON, New:OFF
Ex. Slit Width (nm): Changed: 15-Jun-23 11:35:10 AM, Old:5, New:10
Em. Slit Width (nm): Changed: 15-Jun-23 11:35:10 AM, Old:5, New:10
Emission Wavelength Changed: 15-Jun-23 11:35:10 AM, Old: 570.00, New: 575.00
Stop Wavelength Changed: 15-Jun-23 11:35:10 AM, Old: 590.00, New: 605.00
Overlayed Graphs Changed: 15-Jun-23 11:35:45 AM, Old:OFF, New:ON
End Method Modifications

Sample B5
Collection Time: 15-Jun-23 11:36:43 AM
Operator Name  :
Scan Software Version: 1.2(147)
Parameter List :
Instrument                        Cary Eclipse
Instrument Serial Number          MY18160001
Data mode                         Fluorescence
Scan mode                         Emission
X Mode                            Wavelength (nm)
Start (nm)                        575.00
Stop (nm)                         605.00
Ex. Wavelength (nm)               555.00
Ex. Slit (nm)                     10
Em. Slit (nm)                     10
Scan rate (nm/min)                600.00
Data interval (nm)                1.0000
Averaging Time (s)                0.1000
Excitation filter                 Auto
Emission filter                   Open
PMT voltage (V)                   600
Corrected spectra                 OFF
Wellplate                         ON
Plate format                     96 Wells
Read position                    Well centre
Multi-zero                       OFF
Auto-zero                        OFF
Well                            A1
Method Log     :
Method Name    : Default
Date/Time stamp: 15-Jun-23 11:27:13 AM
Method Modifications:
PMT Volts Changed: 15-Jun-23 11:29:46 AM, Old:600, New:400
Well plate reader Changed: 15-Jun-23 11:29:46 AM, Old:OFF, New:ON
User Delta Stop Changed: 15-Jun-23 11:29:46 AM, Old: 450.00, New: 555.00
User Delta Increment Changed: 15-Jun-23 11:29:46 AM, Old:  10.00, New:   0.15
Emission PMT (V): Changed: 15-Jun-23 11:29:46 AM, Old: 600, New: 400
Excitation Wavelength Changed: 15-Jun-23 11:29:46 AM, Old: 350.00, New: 555.00
Emission Wavelength Changed: 15-Jun-23 11:29:46 AM, Old: 400.00, New: 570.00
Stop Wavelength Changed: 15-Jun-23 11:29:46 AM, Old: 600.00, New: 590.00
Wellplate Samples Changed: 15-Jun-23 11:29:46 AM, Old:, New:A1;A2;A3;A4;A5;A6;A7;A8;B1;B2;B3;B4;B5;B6;B7;B8;C1;C2;C3;C4;C5;C6;C7;C8;
PMT Volts Changed: 15-Jun-23 11:30:56 AM, Old:400, New:600
Emission PMT (V): Changed: 15-Jun-23 11:30:56 AM, Old: 400, New: 600
Overlayed Graphs Changed: 15-Jun-23 11:31:46 AM, Old:OFF, New:ON
Overlayed Graphs Changed: 15-Jun-23 11:35:10 AM, Old:ON, New:OFF
Ex. Slit Width (nm): Changed: 15-Jun-23 11:35:10 AM, Old:5, New:10
Em. Slit Width (nm): Changed: 15-Jun-23 11:35:10 AM, Old:5, New:10
Emission Wavelength Changed: 15-Jun-23 11:35:10 AM, Old: 570.00, New: 575.00
Stop Wavelength Changed: 15-Jun-23 11:35:10 AM, Old: 590.00, New: 605.00
Overlayed Graphs Changed: 15-Jun-23 11:35:45 AM, Old:OFF, New:ON
End Method Modifications

Sample B4
Collection Time: 15-Jun-23 11:36:47 AM
Operator Name  :
Scan Software Version: 1.2(147)
Parameter List :
Instrument                        Cary Eclipse
Instrument Serial Number          MY18160001
Data mode                         Fluorescence
Scan mode                         Emission
X Mode                            Wavelength (nm)
Start (nm)                        575.00
Stop (nm)                         605.00
Ex. Wavelength (nm)               555.00
Ex. Slit (nm)                     10
Em. Slit (nm)                     10
Scan rate (nm/min)                600.00
Data interval (nm)                1.0000
Averaging Time (s)                0.1000
Excitation filter                 Auto
Emission filter                   Open
PMT voltage (V)                   600
Corrected spectra                 OFF
Wellplate                         ON
Plate format                     96 Wells
Read position                    Well centre
Multi-zero                       OFF
Auto-zero                        OFF
Well                            A1
Method Log     :
Method Name    : Default
Date/Time stamp: 15-Jun-23 11:27:13 AM
Method Modifications:
PMT Volts Changed: 15-Jun-23 11:29:46 AM, Old:600, New:400
Well plate reader Changed: 15-Jun-23 11:29:46 AM, Old:OFF, New:ON
User Delta Stop Changed: 15-Jun-23 11:29:46 AM, Old: 450.00, New: 555.00
User Delta Increment Changed: 15-Jun-23 11:29:46 AM, Old:  10.00, New:   0.15
Emission PMT (V): Changed: 15-Jun-23 11:29:46 AM, Old: 600, New: 400
Excitation Wavelength Changed: 15-Jun-23 11:29:46 AM, Old: 350.00, New: 555.00
Emission Wavelength Changed: 15-Jun-23 11:29:46 AM, Old: 400.00, New: 570.00
Stop Wavelength Changed: 15-Jun-23 11:29:46 AM, Old: 600.00, New: 590.00
Wellplate Samples Changed: 15-Jun-23 11:29:46 AM, Old:, New:A1;A2;A3;A4;A5;A6;A7;A8;B1;B2;B3;B4;B5;B6;B7;B8;C1;C2;C3;C4;C5;C6;C7;C8;
PMT Volts Changed: 15-Jun-23 11:30:56 AM, Old:400, New:600
Emission PMT (V): Changed: 15-Jun-23 11:30:56 AM, Old: 400, New: 600
Overlayed Graphs Changed: 15-Jun-23 11:31:46 AM, Old:OFF, New:ON
Overlayed Graphs Changed: 15-Jun-23 11:35:10 AM, Old:ON, New:OFF
Ex. Slit Width (nm): Changed: 15-Jun-23 11:35:10 AM, Old:5, New:10
Em. Slit Width (nm): Changed: 15-Jun-23 11:35:10 AM, Old:5, New:10
Emission Wavelength Changed: 15-Jun-23 11:35:10 AM, Old: 570.00, New: 575.00
Stop Wavelength Changed: 15-Jun-23 11:35:10 AM, Old: 590.00, New: 605.00
Overlayed Graphs Changed: 15-Jun-23 11:35:45 AM, Old:OFF, New:ON
End Method Modifications

Sample B3
Collection Time: 15-Jun-23 11:36:51 AM
Operator Name  :
Scan Software Version: 1.2(147)
Parameter List :
Instrument                        Cary Eclipse
Instrument Serial Number          MY18160001
Data mode                         Fluorescence
Scan mode                         Emission
X Mode                            Wavelength (nm)
Start (nm)                        575.00
Stop (nm)                         605.00
Ex. Wavelength (nm)               555.00
Ex. Slit (nm)                     10
Em. Slit (nm)                     10
Scan rate (nm/min)                600.00
Data interval (nm)                1.0000
Averaging Time (s)                0.1000
Excitation filter                 Auto
Emission filter                   Open
PMT voltage (V)                   600
Corrected spectra                 OFF
Wellplate                         ON
Plate format                     96 Wells
Read position                    Well centre
Multi-zero                       OFF
Auto-zero                        OFF
Well                            A1
Method Log     :
Method Name    : Default
Date/Time stamp: 15-Jun-23 11:27:13 AM
Method Modifications:
PMT Volts Changed: 15-Jun-23 11:29:46 AM, Old:600, New:400
Well plate reader Changed: 15-Jun-23 11:29:46 AM, Old:OFF, New:ON
User Delta Stop Changed: 15-Jun-23 11:29:46 AM, Old: 450.00, New: 555.00
User Delta Increment Changed: 15-Jun-23 11:29:46 AM, Old:  10.00, New:   0.15
Emission PMT (V): Changed: 15-Jun-23 11:29:46 AM, Old: 600, New: 400
Excitation Wavelength Changed: 15-Jun-23 11:29:46 AM, Old: 350.00, New: 555.00
Emission Wavelength Changed: 15-Jun-23 11:29:46 AM, Old: 400.00, New: 570.00
Stop Wavelength Changed: 15-Jun-23 11:29:46 AM, Old: 600.00, New: 590.00
Wellplate Samples Changed: 15-Jun-23 11:29:46 AM, Old:, New:A1;A2;A3;A4;A5;A6;A7;A8;B1;B2;B3;B4;B5;B6;B7;B8;C1;C2;C3;C4;C5;C6;C7;C8;
PMT Volts Changed: 15-Jun-23 11:30:56 AM, Old:400, New:600
Emission PMT (V): Changed: 15-Jun-23 11:30:56 AM, Old: 400, New: 600
Overlayed Graphs Changed: 15-Jun-23 11:31:46 AM, Old:OFF, New:ON
Overlayed Graphs Changed: 15-Jun-23 11:35:10 AM, Old:ON, New:OFF
Ex. Slit Width (nm): Changed: 15-Jun-23 11:35:10 AM, Old:5, New:10
Em. Slit Width (nm): Changed: 15-Jun-23 11:35:10 AM, Old:5, New:10
Emission Wavelength Changed: 15-Jun-23 11:35:10 AM, Old: 570.00, New: 575.00
Stop Wavelength Changed: 15-Jun-23 11:35:10 AM, Old: 590.00, New: 605.00
Overlayed Graphs Changed: 15-Jun-23 11:35:45 AM, Old:OFF, New:ON
End Method Modifications

Sample B2
Collection Time: 15-Jun-23 11:36:56 AM
Operator Name  :
Scan Software Version: 1.2(147)
Parameter List :
Instrument                        Cary Eclipse
Instrument Serial Number          MY18160001
Data mode                         Fluorescence
Scan mode                         Emission
X Mode                            Wavelength (nm)
Start (nm)                        575.00
Stop (nm)                         605.00
Ex. Wavelength (nm)               555.00
Ex. Slit (nm)                     10
Em. Slit (nm)                     10
Scan rate (nm/min)                600.00
Data interval (nm)                1.0000
Averaging Time (s)                0.1000
Excitation filter                 Auto
Emission filter                   Open
PMT voltage (V)                   600
Corrected spectra                 OFF
Wellplate                         ON
Plate format                     96 Wells
Read position                    Well centre
Multi-zero                       OFF
Auto-zero                        OFF
Well                            A1
Method Log     :
Method Name    : Default
Date/Time stamp: 15-Jun-23 11:27:13 AM
Method Modifications:
PMT Volts Changed: 15-Jun-23 11:29:46 AM, Old:600, New:400
Well plate reader Changed: 15-Jun-23 11:29:46 AM, Old:OFF, New:ON
User Delta Stop Changed: 15-Jun-23 11:29:46 AM, Old: 450.00, New: 555.00
User Delta Increment Changed: 15-Jun-23 11:29:46 AM, Old:  10.00, New:   0.15
Emission PMT (V): Changed: 15-Jun-23 11:29:46 AM, Old: 600, New: 400
Excitation Wavelength Changed: 15-Jun-23 11:29:46 AM, Old: 350.00, New: 555.00
Emission Wavelength Changed: 15-Jun-23 11:29:46 AM, Old: 400.00, New: 570.00
Stop Wavelength Changed: 15-Jun-23 11:29:46 AM, Old: 600.00, New: 590.00
Wellplate Samples Changed: 15-Jun-23 11:29:46 AM, Old:, New:A1;A2;A3;A4;A5;A6;A7;A8;B1;B2;B3;B4;B5;B6;B7;B8;C1;C2;C3;C4;C5;C6;C7;C8;
PMT Volts Changed: 15-Jun-23 11:30:56 AM, Old:400, New:600
Emission PMT (V): Changed: 15-Jun-23 11:30:56 AM, Old: 400, New: 600
Overlayed Graphs Changed: 15-Jun-23 11:31:46 AM, Old:OFF, New:ON
Overlayed Graphs Changed: 15-Jun-23 11:35:10 AM, Old:ON, New:OFF
Ex. Slit Width (nm): Changed: 15-Jun-23 11:35:10 AM, Old:5, New:10
Em. Slit Width (nm): Changed: 15-Jun-23 11:35:10 AM, Old:5, New:10
Emission Wavelength Changed: 15-Jun-23 11:35:10 AM, Old: 570.00, New: 575.00
Stop Wavelength Changed: 15-Jun-23 11:35:10 AM, Old: 590.00, New: 605.00
Overlayed Graphs Changed: 15-Jun-23 11:35:45 AM, Old:OFF, New:ON
End Method Modifications

Sample B1
Collection Time: 15-Jun-23 11:37:00 AM
Operator Name  :
Scan Software Version: 1.2(147)
Parameter List :
Instrument                        Cary Eclipse
Instrument Serial Number          MY18160001
Data mode                         Fluorescence
Scan mode                         Emission
X Mode                            Wavelength (nm)
Start (nm)                        575.00
Stop (nm)                         605.00
Ex. Wavelength (nm)               555.00
Ex. Slit (nm)                     10
Em. Slit (nm)                     10
Scan rate (nm/min)                600.00
Data interval (nm)                1.0000
Averaging Time (s)                0.1000
Excitation filter                 Auto
Emission filter                   Open
PMT voltage (V)                   600
Corrected spectra                 OFF
Wellplate                         ON
Plate format                     96 Wells
Read position                    Well centre
Multi-zero                       OFF
Auto-zero                        OFF
Well                            A1
Method Log     :
Method Name    : Default
Date/Time stamp: 15-Jun-23 11:27:13 AM
Method Modifications:
PMT Volts Changed: 15-Jun-23 11:29:46 AM, Old:600, New:400
Well plate reader Changed: 15-Jun-23 11:29:46 AM, Old:OFF, New:ON
User Delta Stop Changed: 15-Jun-23 11:29:46 AM, Old: 450.00, New: 555.00
User Delta Increment Changed: 15-Jun-23 11:29:46 AM, Old:  10.00, New:   0.15
Emission PMT (V): Changed: 15-Jun-23 11:29:46 AM, Old: 600, New: 400
Excitation Wavelength Changed: 15-Jun-23 11:29:46 AM, Old: 350.00, New: 555.00
Emission Wavelength Changed: 15-Jun-23 11:29:46 AM, Old: 400.00, New: 570.00
Stop Wavelength Changed: 15-Jun-23 11:29:46 AM, Old: 600.00, New: 590.00
Wellplate Samples Changed: 15-Jun-23 11:29:46 AM, Old:, New:A1;A2;A3;A4;A5;A6;A7;A8;B1;B2;B3;B4;B5;B6;B7;B8;C1;C2;C3;C4;C5;C6;C7;C8;
PMT Volts Changed: 15-Jun-23 11:30:56 AM, Old:400, New:600
Emission PMT (V): Changed: 15-Jun-23 11:30:56 AM, Old: 400, New: 600
Overlayed Graphs Changed: 15-Jun-23 11:31:46 AM, Old:OFF, New:ON
Overlayed Graphs Changed: 15-Jun-23 11:35:10 AM, Old:ON, New:OFF
Ex. Slit Width (nm): Changed: 15-Jun-23 11:35:10 AM, Old:5, New:10
Em. Slit Width (nm): Changed: 15-Jun-23 11:35:10 AM, Old:5, New:10
Emission Wavelength Changed: 15-Jun-23 11:35:10 AM, Old: 570.00, New: 575.00
Stop Wavelength Changed: 15-Jun-23 11:35:10 AM, Old: 590.00, New: 605.00
Overlayed Graphs Changed: 15-Jun-23 11:35:45 AM, Old:OFF, New:ON
End Method Modifications

Sample C1
Collection Time: 15-Jun-23 11:37:04 AM
Operator Name  :
Scan Software Version: 1.2(147)
Parameter List :
Instrument                        Cary Eclipse
Instrument Serial Number          MY18160001
Data mode                         Fluorescence
Scan mode                         Emission
X Mode                            Wavelength (nm)
Start (nm)                        575.00
Stop (nm)                         605.00
Ex. Wavelength (nm)               555.00
Ex. Slit (nm)                     10
Em. Slit (nm)                     10
Scan rate (nm/min)                600.00
Data interval (nm)                1.0000
Averaging Time (s)                0.1000
Excitation filter                 Auto
Emission filter                   Open
PMT voltage (V)                   600
Corrected spectra                 OFF
Wellplate                         ON
Plate format                     96 Wells
Read position                    Well centre
Multi-zero                       OFF
Auto-zero                        OFF
Well                            A1
Method Log     :
Method Name    : Default
Date/Time stamp: 15-Jun-23 11:27:13 AM
Method Modifications:
PMT Volts Changed: 15-Jun-23 11:29:46 AM, Old:600, New:400
Well plate reader Changed: 15-Jun-23 11:29:46 AM, Old:OFF, New:ON
User Delta Stop Changed: 15-Jun-23 11:29:46 AM, Old: 450.00, New: 555.00
User Delta Increment Changed: 15-Jun-23 11:29:46 AM, Old:  10.00, New:   0.15
Emission PMT (V): Changed: 15-Jun-23 11:29:46 AM, Old: 600, New: 400
Excitation Wavelength Changed: 15-Jun-23 11:29:46 AM, Old: 350.00, New: 555.00
Emission Wavelength Changed: 15-Jun-23 11:29:46 AM, Old: 400.00, New: 570.00
Stop Wavelength Changed: 15-Jun-23 11:29:46 AM, Old: 600.00, New: 590.00
Wellplate Samples Changed: 15-Jun-23 11:29:46 AM, Old:, New:A1;A2;A3;A4;A5;A6;A7;A8;B1;B2;B3;B4;B5;B6;B7;B8;C1;C2;C3;C4;C5;C6;C7;C8;
PMT Volts Changed: 15-Jun-23 11:30:56 AM, Old:400, New:600
Emission PMT (V): Changed: 15-Jun-23 11:30:56 AM, Old: 400, New: 600
Overlayed Graphs Changed: 15-Jun-23 11:31:46 AM, Old:OFF, New:ON
Overlayed Graphs Changed: 15-Jun-23 11:35:10 AM, Old:ON, New:OFF
Ex. Slit Width (nm): Changed: 15-Jun-23 11:35:10 AM, Old:5, New:10
Em. Slit Width (nm): Changed: 15-Jun-23 11:35:10 AM, Old:5, New:10
Emission Wavelength Changed: 15-Jun-23 11:35:10 AM, Old: 570.00, New: 575.00
Stop Wavelength Changed: 15-Jun-23 11:35:10 AM, Old: 590.00, New: 605.00
Overlayed Graphs Changed: 15-Jun-23 11:35:45 AM, Old:OFF, New:ON
End Method Modifications

Sample C2
Collection Time: 15-Jun-23 11:37:09 AM
Operator Name  :
Scan Software Version: 1.2(147)
Parameter List :
Instrument                        Cary Eclipse
Instrument Serial Number          MY18160001
Data mode                         Fluorescence
Scan mode                         Emission
X Mode                            Wavelength (nm)
Start (nm)                        575.00
Stop (nm)                         605.00
Ex. Wavelength (nm)               555.00
Ex. Slit (nm)                     10
Em. Slit (nm)                     10
Scan rate (nm/min)                600.00
Data interval (nm)                1.0000
Averaging Time (s)                0.1000
Excitation filter                 Auto
Emission filter                   Open
PMT voltage (V)                   600
Corrected spectra                 OFF
Wellplate                         ON
Plate format                     96 Wells
Read position                    Well centre
Multi-zero                       OFF
Auto-zero                        OFF
Well                            A1
Method Log     :
Method Name    : Default
Date/Time stamp: 15-Jun-23 11:27:13 AM
Method Modifications:
PMT Volts Changed: 15-Jun-23 11:29:46 AM, Old:600, New:400
Well plate reader Changed: 15-Jun-23 11:29:46 AM, Old:OFF, New:ON
User Delta Stop Changed: 15-Jun-23 11:29:46 AM, Old: 450.00, New: 555.00
User Delta Increment Changed: 15-Jun-23 11:29:46 AM, Old:  10.00, New:   0.15
Emission PMT (V): Changed: 15-Jun-23 11:29:46 AM, Old: 600, New: 400
Excitation Wavelength Changed: 15-Jun-23 11:29:46 AM, Old: 350.00, New: 555.00
Emission Wavelength Changed: 15-Jun-23 11:29:46 AM, Old: 400.00, New: 570.00
Stop Wavelength Changed: 15-Jun-23 11:29:46 AM, Old: 600.00, New: 590.00
Wellplate Samples Changed: 15-Jun-23 11:29:46 AM, Old:, New:A1;A2;A3;A4;A5;A6;A7;A8;B1;B2;B3;B4;B5;B6;B7;B8;C1;C2;C3;C4;C5;C6;C7;C8;
PMT Volts Changed: 15-Jun-23 11:30:56 AM, Old:400, New:600
Emission PMT (V): Changed: 15-Jun-23 11:30:56 AM, Old: 400, New: 600
Overlayed Graphs Changed: 15-Jun-23 11:31:46 AM, Old:OFF, New:ON
Overlayed Graphs Changed: 15-Jun-23 11:35:10 AM, Old:ON, New:OFF
Ex. Slit Width (nm): Changed: 15-Jun-23 11:35:10 AM, Old:5, New:10
Em. Slit Width (nm): Changed: 15-Jun-23 11:35:10 AM, Old:5, New:10
Emission Wavelength Changed: 15-Jun-23 11:35:10 AM, Old: 570.00, New: 575.00
Stop Wavelength Changed: 15-Jun-23 11:35:10 AM, Old: 590.00, New: 605.00
Overlayed Graphs Changed: 15-Jun-23 11:35:45 AM, Old:OFF, New:ON
End Method Modifications

Sample C3
Collection Time: 15-Jun-23 11:37:13 AM
Operator Name  :
Scan Software Version: 1.2(147)
Parameter List :
Instrument                        Cary Eclipse
Instrument Serial Number          MY18160001
Data mode                         Fluorescence
Scan mode                         Emission
X Mode                            Wavelength (nm)
Start (nm)                        575.00
Stop (nm)                         605.00
Ex. Wavelength (nm)               555.00
Ex. Slit (nm)                     10
Em. Slit (nm)                     10
Scan rate (nm/min)                600.00
Data interval (nm)                1.0000
Averaging Time (s)                0.1000
Excitation filter                 Auto
Emission filter                   Open
PMT voltage (V)                   600
Corrected spectra                 OFF
Wellplate                         ON
Plate format                     96 Wells
Read position                    Well centre
Multi-zero                       OFF
Auto-zero                        OFF
Well                            A1
Method Log     :
Method Name    : Default
Date/Time stamp: 15-Jun-23 11:27:13 AM
Method Modifications:
PMT Volts Changed: 15-Jun-23 11:29:46 AM, Old:600, New:400
Well plate reader Changed: 15-Jun-23 11:29:46 AM, Old:OFF, New:ON
User Delta Stop Changed: 15-Jun-23 11:29:46 AM, Old: 450.00, New: 555.00
User Delta Increment Changed: 15-Jun-23 11:29:46 AM, Old:  10.00, New:   0.15
Emission PMT (V): Changed: 15-Jun-23 11:29:46 AM, Old: 600, New: 400
Excitation Wavelength Changed: 15-Jun-23 11:29:46 AM, Old: 350.00, New: 555.00
Emission Wavelength Changed: 15-Jun-23 11:29:46 AM, Old: 400.00, New: 570.00
Stop Wavelength Changed: 15-Jun-23 11:29:46 AM, Old: 600.00, New: 590.00
Wellplate Samples Changed: 15-Jun-23 11:29:46 AM, Old:, New:A1;A2;A3;A4;A5;A6;A7;A8;B1;B2;B3;B4;B5;B6;B7;B8;C1;C2;C3;C4;C5;C6;C7;C8;
PMT Volts Changed: 15-Jun-23 11:30:56 AM, Old:400, New:600
Emission PMT (V): Changed: 15-Jun-23 11:30:56 AM, Old: 400, New: 600
Overlayed Graphs Changed: 15-Jun-23 11:31:46 AM, Old:OFF, New:ON
Overlayed Graphs Changed: 15-Jun-23 11:35:10 AM, Old:ON, New:OFF
Ex. Slit Width (nm): Changed: 15-Jun-23 11:35:10 AM, Old:5, New:10
Em. Slit Width (nm): Changed: 15-Jun-23 11:35:10 AM, Old:5, New:10
Emission Wavelength Changed: 15-Jun-23 11:35:10 AM, Old: 570.00, New: 575.00
Stop Wavelength Changed: 15-Jun-23 11:35:10 AM, Old: 590.00, New: 605.00
Overlayed Graphs Changed: 15-Jun-23 11:35:45 AM, Old:OFF, New:ON
End Method Modifications

Sample C4
Collection Time: 15-Jun-23 11:37:17 AM
Operator Name  :
Scan Software Version: 1.2(147)
Parameter List :
Instrument                        Cary Eclipse
Instrument Serial Number          MY18160001
Data mode                         Fluorescence
Scan mode                         Emission
X Mode                            Wavelength (nm)
Start (nm)                        575.00
Stop (nm)                         605.00
Ex. Wavelength (nm)               555.00
Ex. Slit (nm)                     10
Em. Slit (nm)                     10
Scan rate (nm/min)                600.00
Data interval (nm)                1.0000
Averaging Time (s)                0.1000
Excitation filter                 Auto
Emission filter                   Open
PMT voltage (V)                   600
Corrected spectra                 OFF
Wellplate                         ON
Plate format                     96 Wells
Read position                    Well centre
Multi-zero                       OFF
Auto-zero                        OFF
Well                            A1
Method Log     :
Method Name    : Default
Date/Time stamp: 15-Jun-23 11:27:13 AM
Method Modifications:
PMT Volts Changed: 15-Jun-23 11:29:46 AM, Old:600, New:400
Well plate reader Changed: 15-Jun-23 11:29:46 AM, Old:OFF, New:ON
User Delta Stop Changed: 15-Jun-23 11:29:46 AM, Old: 450.00, New: 555.00
User Delta Increment Changed: 15-Jun-23 11:29:46 AM, Old:  10.00, New:   0.15
Emission PMT (V): Changed: 15-Jun-23 11:29:46 AM, Old: 600, New: 400
Excitation Wavelength Changed: 15-Jun-23 11:29:46 AM, Old: 350.00, New: 555.00
Emission Wavelength Changed: 15-Jun-23 11:29:46 AM, Old: 400.00, New: 570.00
Stop Wavelength Changed: 15-Jun-23 11:29:46 AM, Old: 600.00, New: 590.00
Wellplate Samples Changed: 15-Jun-23 11:29:46 AM, Old:, New:A1;A2;A3;A4;A5;A6;A7;A8;B1;B2;B3;B4;B5;B6;B7;B8;C1;C2;C3;C4;C5;C6;C7;C8;
PMT Volts Changed: 15-Jun-23 11:30:56 AM, Old:400, New:600
Emission PMT (V): Changed: 15-Jun-23 11:30:56 AM, Old: 400, New: 600
Overlayed Graphs Changed: 15-Jun-23 11:31:46 AM, Old:OFF, New:ON
Overlayed Graphs Changed: 15-Jun-23 11:35:10 AM, Old:ON, New:OFF
Ex. Slit Width (nm): Changed: 15-Jun-23 11:35:10 AM, Old:5, New:10
Em. Slit Width (nm): Changed: 15-Jun-23 11:35:10 AM, Old:5, New:10
Emission Wavelength Changed: 15-Jun-23 11:35:10 AM, Old: 570.00, New: 575.00
Stop Wavelength Changed: 15-Jun-23 11:35:10 AM, Old: 590.00, New: 605.00
Overlayed Graphs Changed: 15-Jun-23 11:35:45 AM, Old:OFF, New:ON
End Method Modifications

Sample C5
Collection Time: 15-Jun-23 11:37:21 AM
Operator Name  :
Scan Software Version: 1.2(147)
Parameter List :
Instrument                        Cary Eclipse
Instrument Serial Number          MY18160001
Data mode                         Fluorescence
Scan mode                         Emission
X Mode                            Wavelength (nm)
Start (nm)                        575.00
Stop (nm)                         605.00
Ex. Wavelength (nm)               555.00
Ex. Slit (nm)                     10
Em. Slit (nm)                     10
Scan rate (nm/min)                600.00
Data interval (nm)                1.0000
Averaging Time (s)                0.1000
Excitation filter                 Auto
Emission filter                   Open
PMT voltage (V)                   600
Corrected spectra                 OFF
Wellplate                         ON
Plate format                     96 Wells
Read position                    Well centre
Multi-zero                       OFF
Auto-zero                        OFF
Well                            A1
Method Log     :
Method Name    : Default
Date/Time stamp: 15-Jun-23 11:27:13 AM
Method Modifications:
PMT Volts Changed: 15-Jun-23 11:29:46 AM, Old:600, New:400
Well plate reader Changed: 15-Jun-23 11:29:46 AM, Old:OFF, New:ON
User Delta Stop Changed: 15-Jun-23 11:29:46 AM, Old: 450.00, New: 555.00
User Delta Increment Changed: 15-Jun-23 11:29:46 AM, Old:  10.00, New:   0.15
Emission PMT (V): Changed: 15-Jun-23 11:29:46 AM, Old: 600, New: 400
Excitation Wavelength Changed: 15-Jun-23 11:29:46 AM, Old: 350.00, New: 555.00
Emission Wavelength Changed: 15-Jun-23 11:29:46 AM, Old: 400.00, New: 570.00
Stop Wavelength Changed: 15-Jun-23 11:29:46 AM, Old: 600.00, New: 590.00
Wellplate Samples Changed: 15-Jun-23 11:29:46 AM, Old:, New:A1;A2;A3;A4;A5;A6;A7;A8;B1;B2;B3;B4;B5;B6;B7;B8;C1;C2;C3;C4;C5;C6;C7;C8;
PMT Volts Changed: 15-Jun-23 11:30:56 AM, Old:400, New:600
Emission PMT (V): Changed: 15-Jun-23 11:30:56 AM, Old: 400, New: 600
Overlayed Graphs Changed: 15-Jun-23 11:31:46 AM, Old:OFF, New:ON
Overlayed Graphs Changed: 15-Jun-23 11:35:10 AM, Old:ON, New:OFF
Ex. Slit Width (nm): Changed: 15-Jun-23 11:35:10 AM, Old:5, New:10
Em. Slit Width (nm): Changed: 15-Jun-23 11:35:10 AM, Old:5, New:10
Emission Wavelength Changed: 15-Jun-23 11:35:10 AM, Old: 570.00, New: 575.00
Stop Wavelength Changed: 15-Jun-23 11:35:10 AM, Old: 590.00, New: 605.00
Overlayed Graphs Changed: 15-Jun-23 11:35:45 AM, Old:OFF, New:ON
End Method Modifications

Sample C6
Collection Time: 15-Jun-23 11:37:25 AM
Operator Name  :
Scan Software Version: 1.2(147)
Parameter List :
Instrument                        Cary Eclipse
Instrument Serial Number          MY18160001
Data mode                         Fluorescence
Scan mode                         Emission
X Mode                            Wavelength (nm)
Start (nm)                        575.00
Stop (nm)                         605.00
Ex. Wavelength (nm)               555.00
Ex. Slit (nm)                     10
Em. Slit (nm)                     10
Scan rate (nm/min)                600.00
Data interval (nm)                1.0000
Averaging Time (s)                0.1000
Excitation filter                 Auto
Emission filter                   Open
PMT voltage (V)                   600
Corrected spectra                 OFF
Wellplate                         ON
Plate format                     96 Wells
Read position                    Well centre
Multi-zero                       OFF
Auto-zero                        OFF
Well                            A1
Method Log     :
Method Name    : Default
Date/Time stamp: 15-Jun-23 11:27:13 AM
Method Modifications:
PMT Volts Changed: 15-Jun-23 11:29:46 AM, Old:600, New:400
Well plate reader Changed: 15-Jun-23 11:29:46 AM, Old:OFF, New:ON
User Delta Stop Changed: 15-Jun-23 11:29:46 AM, Old: 450.00, New: 555.00
User Delta Increment Changed: 15-Jun-23 11:29:46 AM, Old:  10.00, New:   0.15
Emission PMT (V): Changed: 15-Jun-23 11:29:46 AM, Old: 600, New: 400
Excitation Wavelength Changed: 15-Jun-23 11:29:46 AM, Old: 350.00, New: 555.00
Emission Wavelength Changed: 15-Jun-23 11:29:46 AM, Old: 400.00, New: 570.00
Stop Wavelength Changed: 15-Jun-23 11:29:46 AM, Old: 600.00, New: 590.00
Wellplate Samples Changed: 15-Jun-23 11:29:46 AM, Old:, New:A1;A2;A3;A4;A5;A6;A7;A8;B1;B2;B3;B4;B5;B6;B7;B8;C1;C2;C3;C4;C5;C6;C7;C8;
PMT Volts Changed: 15-Jun-23 11:30:56 AM, Old:400, New:600
Emission PMT (V): Changed: 15-Jun-23 11:30:56 AM, Old: 400, New: 600
Overlayed Graphs Changed: 15-Jun-23 11:31:46 AM, Old:OFF, New:ON
Overlayed Graphs Changed: 15-Jun-23 11:35:10 AM, Old:ON, New:OFF
Ex. Slit Width (nm): Changed: 15-Jun-23 11:35:10 AM, Old:5, New:10
Em. Slit Width (nm): Changed: 15-Jun-23 11:35:10 AM, Old:5, New:10
Emission Wavelength Changed: 15-Jun-23 11:35:10 AM, Old: 570.00, New: 575.00
Stop Wavelength Changed: 15-Jun-23 11:35:10 AM, Old: 590.00, New: 605.00
Overlayed Graphs Changed: 15-Jun-23 11:35:45 AM, Old:OFF, New:ON
End Method Modifications

Sample C7
Collection Time: 15-Jun-23 11:37:30 AM
Operator Name  :
Scan Software Version: 1.2(147)
Parameter List :
Instrument                        Cary Eclipse
Instrument Serial Number          MY18160001
Data mode                         Fluorescence
Scan mode                         Emission
X Mode                            Wavelength (nm)
Start (nm)                        575.00
Stop (nm)                         605.00
Ex. Wavelength (nm)               555.00
Ex. Slit (nm)                     10
Em. Slit (nm)                     10
Scan rate (nm/min)                600.00
Data interval (nm)                1.0000
Averaging Time (s)                0.1000
Excitation filter                 Auto
Emission filter                   Open
PMT voltage (V)                   600
Corrected spectra                 OFF
Wellplate                         ON
Plate format                     96 Wells
Read position                    Well centre
Multi-zero                       OFF
Auto-zero                        OFF
Well                            A1
Method Log     :
Method Name    : Default
Date/Time stamp: 15-Jun-23 11:27:13 AM
Method Modifications:
PMT Volts Changed: 15-Jun-23 11:29:46 AM, Old:600, New:400
Well plate reader Changed: 15-Jun-23 11:29:46 AM, Old:OFF, New:ON
User Delta Stop Changed: 15-Jun-23 11:29:46 AM, Old: 450.00, New: 555.00
User Delta Increment Changed: 15-Jun-23 11:29:46 AM, Old:  10.00, New:   0.15
Emission PMT (V): Changed: 15-Jun-23 11:29:46 AM, Old: 600, New: 400
Excitation Wavelength Changed: 15-Jun-23 11:29:46 AM, Old: 350.00, New: 555.00
Emission Wavelength Changed: 15-Jun-23 11:29:46 AM, Old: 400.00, New: 570.00
Stop Wavelength Changed: 15-Jun-23 11:29:46 AM, Old: 600.00, New: 590.00
Wellplate Samples Changed: 15-Jun-23 11:29:46 AM, Old:, New:A1;A2;A3;A4;A5;A6;A7;A8;B1;B2;B3;B4;B5;B6;B7;B8;C1;C2;C3;C4;C5;C6;C7;C8;
PMT Volts Changed: 15-Jun-23 11:30:56 AM, Old:400, New:600
Emission PMT (V): Changed: 15-Jun-23 11:30:56 AM, Old: 400, New: 600
Overlayed Graphs Changed: 15-Jun-23 11:31:46 AM, Old:OFF, New:ON
Overlayed Graphs Changed: 15-Jun-23 11:35:10 AM, Old:ON, New:OFF
Ex. Slit Width (nm): Changed: 15-Jun-23 11:35:10 AM, Old:5, New:10
Em. Slit Width (nm): Changed: 15-Jun-23 11:35:10 AM, Old:5, New:10
Emission Wavelength Changed: 15-Jun-23 11:35:10 AM, Old: 570.00, New: 575.00
Stop Wavelength Changed: 15-Jun-23 11:35:10 AM, Old: 590.00, New: 605.00
Overlayed Graphs Changed: 15-Jun-23 11:35:45 AM, Old:OFF, New:ON
End Method Modifications

Sample C8
Collection Time: 15-Jun-23 11:37:34 AM
Operator Name  :
Scan Software Version: 1.2(147)
Parameter List :
Instrument                        Cary Eclipse
Instrument Serial Number          MY18160001
Data mode                         Fluorescence
Scan mode                         Emission
X Mode                            Wavelength (nm)
Start (nm)                        575.00
Stop (nm)                         605.00
Ex. Wavelength (nm)               555.00
Ex. Slit (nm)                     10
Em. Slit (nm)                     10
Scan rate (nm/min)                600.00
Data interval (nm)                1.0000
Averaging Time (s)                0.1000
Excitation filter                 Auto
Emission filter                   Open
PMT voltage (V)                   600
Corrected spectra                 OFF
Wellplate                         ON
Plate format                     96 Wells
Read position                    Well centre
Multi-zero                       OFF
Auto-zero                        OFF
Well                            A1
Method Log     :
Method Name    : Default
Date/Time stamp: 15-Jun-23 11:27:13 AM
Method Modifications:
PMT Volts Changed: 15-Jun-23 11:29:46 AM, Old:600, New:400
Well plate reader Changed: 15-Jun-23 11:29:46 AM, Old:OFF, New:ON
User Delta Stop Changed: 15-Jun-23 11:29:46 AM, Old: 450.00, New: 555.00
User Delta Increment Changed: 15-Jun-23 11:29:46 AM, Old:  10.00, New:   0.15
Emission PMT (V): Changed: 15-Jun-23 11:29:46 AM, Old: 600, New: 400
Excitation Wavelength Changed: 15-Jun-23 11:29:46 AM, Old: 350.00, New: 555.00
Emission Wavelength Changed: 15-Jun-23 11:29:46 AM, Old: 400.00, New: 570.00
Stop Wavelength Changed: 15-Jun-23 11:29:46 AM, Old: 600.00, New: 590.00
Wellplate Samples Changed: 15-Jun-23 11:29:46 AM, Old:, New:A1;A2;A3;A4;A5;A6;A7;A8;B1;B2;B3;B4;B5;B6;B7;B8;C1;C2;C3;C4;C5;C6;C7;C8;
PMT Volts Changed: 15-Jun-23 11:30:56 AM, Old:400, New:600
Emission PMT (V): Changed: 15-Jun-23 11:30:56 AM, Old: 400, New: 600
Overlayed Graphs Changed: 15-Jun-23 11:31:46 AM, Old:OFF, New:ON
Overlayed Graphs Changed: 15-Jun-23 11:35:10 AM, Old:ON, New:OFF
Ex. Slit Width (nm): Changed: 15-Jun-23 11:35:10 AM, Old:5, New:10
Em. Slit Width (nm): Changed: 15-Jun-23 11:35:10 AM, Old:5, New:10
Emission Wavelength Changed: 15-Jun-23 11:35:10 AM, Old: 570.00, New: 575.00
Stop Wavelength Changed: 15-Jun-23 11:35:10 AM, Old: 590.00, New: 605.00
Overlayed Graphs Changed: 15-Jun-23 11:35:45 AM, Old:OFF, New:ON
End Method Modifications

