Sample A1,,Sample A2,,Sample A3,,Sample A4,,Sample A5,,Sample A6,,Sample A7,,Sample A8,,Sample A12,,
Time (min),Intensity (a.u.),Time (min),Intensity (a.u.),Time (min),Intensity (a.u.),Time (min),Intensity (a.u.),Time (min),Intensity (a.u.),Time (min),Intensity (a.u.),Time (min),Intensity (a.u.),Time (min),Intensity (a.u.),Time (min),Intensity (a.u.),
0.0008333333535,20.46512794,0.02183333226,22.66044998,0.04312499985,20.5075779,0.06372916698,18.77155876,0.08472916484,23.79361534,0.105416663,27.24646378,0.1260416657,26.0762558,0.1470416635,23.57014847,0.1902083457,193.7263489,
1.000833273,20.80032921,1.022229195,22.41841125,1.042750001,20.87690544,1.063291669,19.23629761,1.084125042,23.66501808,1.10512507,26.62659645,1.126041651,25.65000153,1.147041678,23.91454315,1.188979268,205.7936859,
2.000833273,21.26411057,2.021062374,22.80138397,2.041083336,20.3480587,2.061749935,19.17108345,2.082416773,23.1716156,2.103625059,27.29729462,2.123979092,27.22291565,2.14487505,24.50806808,2.186062574,201.996582,
3.000833273,20.92794991,3.020729065,23.62919998,3.041895866,20.79480743,3.062041759,18.9996357,3.083208323,23.92561913,3.104374886,27.64971161,3.124729156,27.85326195,3.145812511,24.08809471,3.187812567,200.4161835,
4.000833511,20.84260941,4.021062374,23.68358994,4.042562485,19.66612816,4.063208103,18.82110786,4.083541393,23.039608,4.104708195,27.085392,4.125895977,26.32450485,4.146895885,24.31949234,4.187812328,204.5643463,
5.000833035,22.27716255,5.020708084,23.77810478,5.04181242,20.85166931,5.062624931,19.51917076,5.083062649,23.89253807,5.104291916,26.57128906,5.124416828,26.90708923,5.145958424,23.75196266,5.186895847,201.9121857,
6.000833035,21.55993843,6.021395683,23.03241539,6.042708397,20.27560997,6.06320858,19.2798481,6.084708214,23.79337883,6.105875015,27.05368996,6.126208305,27.72393036,6.147208214,24.04674911,6.189062595,202.5231476,
7.000833035,21.28786659,7.020895958,23.09181213,7.042041302,20.65800476,7.062375069,19.16283989,7.083645821,24.10557365,7.104583263,26.95562363,7.125416756,27.31332207,7.146062851,24.1747551,7.188750267,199.3952484,
8.000833511,21.78220177,8.02104187,23.96762848,8.042312622,20.21637154,8.063083649,18.78924751,8.084083557,23.91822433,8.105250359,25.73657799,8.126625061,26.54280853,8.14764595,24.51329231,8.188458443,199.2686157,
9.000833511,21.33820915,9.022208214,22.86204529,9.043375015,19.9412899,9.064208031,19.41038895,9.084708214,23.97977638,9.105709076,26.71473885,9.127041817,26.21171951,9.148395538,24.62361908,9.188875198,198.6183167,
10.00083351,21.95589447,10.02039623,23.39587784,10.0415411,20.21741486,10.06247997,19.15330315,10.08308315,24.12721252,10.10429192,27.52282715,10.12512493,26.32691193,10.14575005,24.53685379,10.18889523,200.0794983,
11.00083351,21.22847939,11.02145767,23.62424469,11.04195881,20.29578209,11.06279182,19.47354317,11.08325005,24.12738609,11.10445881,26.40923882,11.12491703,26.69384193,11.14558315,23.70695114,11.18725014,198.9043121,
12.00083351,21.42167664,12.02070808,23.54799843,12.04187489,20.11709023,12.06237507,18.78821182,12.0828743,23.01157188,12.10387516,27.47125816,12.12520885,27.1904068,12.14620876,23.99664307,12.18754196,201.0412445,
13.00083351,21.76366806,13.020895,23.41297722,13.04137516,20.61466408,13.06270885,18.95101357,13.08354187,23.3599453,13.10454178,27.05633163,13.12520885,26.60805702,13.1456461,24.52920914,13.18720818,200.5728912,
14.00083351,21.23414421,14.0217495,23.52690506,14.04239559,20.93514442,14.06356239,18.75562286,14.08406258,23.71955109,14.10564613,26.31904793,14.12629223,26.85206604,14.14708328,24.49202728,14.18879223,198.5901794,
15.00083351,21.17164421,15.02172947,23.26138878,15.0427084,20.49144936,15.06404209,19.15979958,15.08454227,23.87497902,15.1057291,26.22485733,15.1268959,26.23178482,15.14739609,24.40067291,15.19091702,197.9754791,
16.00083351,21.81777573,16.02056313,23.79098129,16.04172897,20.08699799,16.062397,18.92408371,16.08387375,24.07543564,16.10420799,26.97478676,16.12470818,26.17181587,16.1453743,24.93120766,16.18656158,200.0319061,
17.00083351,21.75592613,17.02179146,24.14070129,17.04287529,19.96622658,17.0639782,19.15174484,17.0845623,23.92543221,17.10604286,25.76964188,17.12656212,25.89424133,17.14787674,24.15786552,17.18872833,197.8664551,
18.00083351,21.79753113,18.0215416,23.53709602,18.0425415,20.46136093,18.06370926,19.21334267,18.08431244,24.13620949,18.10587502,26.56922913,18.1263752,26.51482201,18.14704132,24.147295,18.1893959,197.2407684,
19.00083351,21.30052948,19.02191544,23.39724159,19.04256248,20.19527054,19.06356239,19.31563187,19.08472824,24.36432838,19.10491753,26.80692291,19.12579155,27.33058929,19.14658356,24.12194633,19.18964577,197.855835,
20.00083351,22.11899185,20.02072906,23.96777725,20.04154205,20.38023376,20.06304169,19.24729729,20.08322906,24.14316177,20.10420799,26.18333054,20.12506294,27.39758873,20.14612389,24.97498894,20.18654251,199.0067139,
21.00083351,21.22723007,21.02137375,23.66094589,21.04270744,20.43590164,21.06347847,19.00575829,21.08414459,23.50850105,21.10554123,27.06499863,21.12624931,26.63742638,21.14689445,24.90710449,21.18841743,197.5522308,
22.00083351,22.04650688,22.02089691,23.81335258,22.04172897,20.45110703,22.0631237,19.38386154,22.08345795,24.70228195,22.10479164,26.37195587,22.1256237,26.30893517,22.14645767,24.62489319,22.18881226,199.9329224,
23.00083351,21.24252319,23.02054214,23.5071373,23.04172897,20.64498329,23.06204224,19.07579613,23.08322906,23.95991898,23.10387611,26.44992638,23.1252079,26.68019104,23.14603996,24.6419754,23.18689537,198.0926056,
24.00083351,21.78900528,24.02087402,23.53102303,24.04206276,20.84560776,24.06287384,19.07832909,24.08353996,24.1442585,24.10454178,26.05895233,24.1252079,26.41998291,24.14620781,24.44441605,24.18962479,197.1492004,
25.00083351,21.7966404,25.0220623,23.42428398,25.0425415,20.30450821,25.06329155,18.84396935,25.08437538,23.36383438,25.10539627,27.51783752,25.1268959,26.23770332,25.1470623,25.046978,25.18854141,200.9897614,
26.00083351,21.91048622,26.02170753,23.48575592,26.04270744,20.56963921,26.06420898,19.29052734,26.08470917,24.14927292,26.10570908,26.57956886,26.12589455,26.22954941,26.14670753,25.29214668,26.19012451,195.2366638,
27.00083351,21.90061951,27.02120781,23.37067032,27.04289627,20.83785057,27.06320763,19.19238281,27.0837307,23.44054222,27.1047287,25.91482353,27.12541771,26.41434669,27.14729118,25.39748383,27.18814468,196.4893036,
28.00083351,21.8424263,28.02089691,23.84131813,28.04204178,19.9536705,28.06237602,19.64100838,28.08322906,23.44218445,28.10372925,26.3421917,28.1243763,25.45691109,28.14539528,24.0459938,28.18704224,197.9160156,
29.00083351,21.91777611,29.02254295,24.16007042,29.04287529,20.77046967,29.0639782,18.85972023,29.08437538,23.67518806,29.10554123,26.2801609,29.12606239,25.81558609,29.14672852,25.04786301,29.1897068,197.2822571,
30.00083351,21.70602608,30.02112389,23.85059929,30.04247856,20.55637741,30.06295776,19.30315399,30.08431244,23.96913338,30.10547829,25.58583832,30.12612534,26.39031601,30.14670753,24.7952404,30.18791771,199.3078461,
31.00083351,21.72656822,31.02220917,24.70362091,31.04337502,20.54327583,31.06395912,19.49215508,31.08491707,24.03763962,31.10573006,26.566082,31.12695885,26.08598328,31.14820671,23.68375015,31.18920898,196.7078552,
32.00083542,21.89494324,32.02206039,23.38856316,32.04356384,20.05148315,32.06370926,19.57012749,32.08504105,24.39024353,32.10604095,26.62279129,32.12654114,25.89695549,32.14770889,25.26302719,32.18989563,199.6778107,
33.00083542,21.90724945,33.02054214,24.95990372,33.04137421,20.92861366,33.06221008,19.26914406,33.08348083,24.35338211,33.10381317,25.93964386,33.12487411,25.93849754,33.1453743,24.26683807,33.18820953,195.1132965,
34.00083542,21.43975258,34.02089691,23.54648399,34.04225159,20.09723282,34.06258392,19.93723679,34.08339691,23.55029106,34.10389709,27.0326252,34.12472916,25.45432091,34.14612579,24.2410965,34.18820953,198.7715759,
35.00083542,21.68630791,35.02139664,23.63340759,35.04256058,20.71668625,35.06308365,19.16499901,35.08441544,23.68870354,35.10489655,27.10516357,35.12591553,26.4264946,35.14662552,24.59860229,35.18987656,197.3899841,
36.00083542,21.54356384,36.02064514,23.97434807,36.0418129,20.89821625,36.06229401,19.15379333,36.0833931,24.44044304,36.10437393,26.2640419,36.12520599,25.38631248,36.14556122,25.21512032,36.18720627,194.192627,
37.00083542,21.46491241,37.02222824,23.66975403,37.04262543,20.47807121,37.06374741,19.26503372,37.08456039,23.91025734,37.10512543,26.1020031,37.12720871,26.27705002,37.14756393,25.41798592,37.19045639,197.4678345,
38.00083542,21.88130569,38.02112579,23.31570816,38.04237366,20.28113556,38.06258011,20.25354576,38.08325195,24.03894615,38.10420609,26.1963501,38.12546158,25.86531639,38.14542007,25.52496529,38.18679047,199.1723633,
39.00083542,22.41923141,39.02091599,23.53421783,39.0412941,20.46594048,39.06306076,19.76327705,39.08387375,23.9671917,39.10487366,26.84052849,39.12504196,25.41988754,39.1465416,24.84708023,39.18720627,194.5973511,
40.00083542,21.8145504,40.02039337,23.70235062,40.04125214,19.85747147,40.06254196,18.98081779,40.08387375,23.8831501,40.10420609,26.65237236,40.12453842,25.82118416,40.14570618,25.2683754,40.18854141,195.2214508,
41.00083542,22.11457634,41.02106094,24.49418259,41.04241562,20.0296917,41.06272888,20.14947701,41.08372879,23.92881203,41.10506058,27.11277771,41.12570953,25.21908188,41.14687347,24.65186119,41.1879158,197.5322266,
42.00083542,22.12540245,42.02039337,23.69751167,42.04106522,20.37082481,42.06187439,18.94920349,42.0828743,23.73544121,42.10404205,25.63214493,42.12453842,26.17317009,42.14489746,24.75140381,42.18621063,196.1823883,
43.00083542,21.78085327,43.02239609,23.43939972,43.04337692,19.74916267,43.06370926,19.37234497,43.08520889,24.17021561,43.10554123,26.51377296,43.12631607,25.528759,43.14731598,25.05954742,43.18904114,194.6850281,
44.00083542,21.89626122,44.02072906,23.89834785,44.04239655,21.33708954,44.06270599,19.03625679,44.08420944,24.34091759,44.10454178,26.08309174,44.12504196,25.15994644,44.1465416,25.12273026,44.18737411,194.97789,
45.00083542,21.89974213,45.02212143,23.02126694,45.04262543,20.88584328,45.0639801,19.73143387,45.08491516,24.07042313,45.1052475,25.93237114,45.12606049,26.05039978,45.14754105,24.91192436,45.18804169,197.6049347,
46.00083542,21.64995575,46.02187347,23.74954987,46.04237366,21.01663017,46.06304169,19.51728249,46.08448029,24.30053139,46.10545731,25.99583244,46.12587357,25.58244514,46.14722824,24.70243645,46.19054413,196.7630768,
47.00083542,21.32393837,47.02098083,23.72636986,47.04204178,20.55957603,47.06262589,19.18614006,47.0833931,24.00473595,47.10437393,26.28785706,47.12491989,25.75580978,47.14587402,24.84425354,47.18731308,195.8414917,
48.00083542,21.92436218,48.02156067,23.53013039,48.04220963,20.17978859,48.06270599,19.5138607,48.08412552,23.94597054,48.10562515,25.97159767,48.12614822,25.02392006,48.14641571,24.54010391,48.18906403,196.950058,
49.00083542,22.39844322,49.02162552,23.42142677,49.04206085,19.94021606,49.0634613,19.54122543,49.08437347,24.1351757,49.10522842,25.82600784,49.12589645,25.39110947,49.14712143,24.7700367,49.18956375,197.5992889,
50.00083542,21.83379745,50.0215416,23.44920731,50.04187393,20.10697556,50.06279373,18.873209,50.08408356,24.29026413,50.10457993,26.36221504,50.12591553,26.32335472,50.14641571,25.02729797,50.18789291,193.0694275,
51.00083542,22.05394745,51.02070618,23.17080688,51.04145813,20.30412483,51.06239319,19.86244392,51.08322906,23.75912094,51.10439301,26.59983635,51.12489319,26.13932419,51.14622879,24.70979691,51.1865387,196.6307678,
52.00083542,21.70980453,52.0219574,23.84546852,52.04328918,20.69093895,52.06374741,18.7593956,52.08414841,24.15714455,52.10531235,26.23462486,52.12587357,25.42287827,52.14737701,24.81661987,52.18770599,193.6482086,
53.00083542,21.57201767,53.02139664,23.48898506,53.04191589,20.94105148,53.06322861,19.68209648,53.08406067,24.24547768,53.10470963,26.39389801,53.12570953,25.78746414,53.14637375,24.77663422,53.18887711,194.1102295,
54.00083542,22.08997726,54.02137375,23.64994621,54.04237366,20.56595802,54.0631485,19.7402668,54.0837059,23.83313179,54.10522842,25.80249786,54.12574768,25.66477203,54.14656067,24.89719391,54.18737411,195.1020508,
55.00083542,21.46192741,55.02146149,23.37203407,55.0425415,20.42915916,55.06304169,19.60102272,55.0837059,24.22055817,55.10498047,26.5825367,55.12620926,24.4383564,55.14687347,24.6349678,55.18804169,194.2273865,
56.00083542,21.82389832,56.02122879,23.47780609,56.04172897,19.79359436,56.06270599,19.44024849,56.08437347,23.65443039,56.10470963,26.47148514,56.12570953,25.4855423,56.14704132,24.61906242,56.18812561,194.9329834,
57.00083542,21.86943817,57.02112579,23.85359573,57.04191589,20.06859207,57.06308365,19.02489471,57.08331299,23.21653557,57.1046257,25.71528053,57.12529373,25.37096596,57.14662552,24.59481621,57.18774796,195.0180206,
58.00083542,21.11831284,58.02174759,23.64717484,58.04239655,20.27494812,58.06337357,19.2875824,58.0840416,23.37274742,58.10481262,26.15058899,58.12614822,25.54177666,58.14687347,24.89282036,58.18804169,195.812149,
59.00083542,21.27633286,59.02237701,23.5550251,59.04312515,20.89253235,59.06422806,19.75420952,59.08506393,23.40045929,59.10637665,25.55215454,59.12720871,25.78239059,59.14787674,26.03058815,59.18870926,198.6041107,
60.00083542,21.49445724,60.02108002,22.92055893,60.04139328,19.90792656,60.06289291,19.6494236,60.08372879,23.55540085,60.10439301,26.74580383,60.12589645,24.28201675,60.1462059,25.41902351,60.1893959,195.1742706,
61.00083542,22.14517975,61.02054214,23.89938736,61.04106522,20.33968735,61.06237411,19.38642693,61.08304214,23.83407021,61.10387421,25.89524841,61.12506104,25.63915634,61.14554214,24.87162971,61.18714523,194.28302,
62.00083542,20.62801552,62.02054214,23.37167549,62.04158401,20.67077255,62.06322861,19.563591,62.08406067,23.84801483,62.10404205,26.19379997,62.12456131,25.15501785,62.14572906,24.61006546,62.18639755,194.1886749,
63.00083542,21.78936005,63.0208931,23.38490868,63.04231262,20.0612793,63.06241989,19.56315041,63.08389664,23.77536011,63.10422897,26.12925911,63.1254158,25.32478142,63.14572906,24.59967041,63.18889618,192.7469788,
64.0008316,21.60603523,64.0207901,24.33780479,64.04125214,20.45429611,64.06222534,19.50816345,64.08254242,23.84269333,64.10341644,25.74948502,64.12479401,25.95567322,64.14472961,24.19779587,64.18606567,193.6964874,
65.0008316,21.51973152,65.02024841,24.02748871,65.04155731,20.12989426,65.06204224,19.63253593,65.08322906,23.50087166,65.10387421,26.74232292,65.12503815,25.08088493,65.14587402,25.38667679,65.18856049,193.618454,
66.0008316,21.95577431,66.02062225,23.0615406,66.04129028,19.62669182,66.06272888,19.23007011,66.08303833,23.90857506,66.10370636,26.12547684,66.12520599,25.36943054,66.14587402,24.59137535,66.18689728,194.023941,
67.0008316,22.23677254,67.02124786,23.63526344,67.0422287,20.11640549,67.06289673,19.40532494,67.08372498,23.5803833,67.1047287,25.75284958,67.12525177,24.6677475,67.14604187,24.78092766,67.18891907,193.5167236,
68.0008316,21.1221714,68.02120972,22.59565926,68.04248047,21.00361824,68.06348419,20.12192917,68.08420563,23.86071968,68.10523224,25.83846092,68.12656403,24.73468208,68.14672852,25.47030067,68.1884613,191.3783264,
69.0008316,21.91469002,69.02191925,24.32555962,69.04256439,20.0651474,69.06306458,19.58545685,69.08387756,23.54275322,69.10504913,26.1768589,69.12570953,25.12788773,69.14620972,24.55666924,69.18789673,193.1609344,
70.0008316,21.13780975,70.02236938,23.27406693,70.04297638,20.40128326,70.063797,19.53242111,70.0845871,23.69471169,70.1052475,26.06828499,70.12641907,25.08855438,70.14723206,24.70972061,70.18854523,194.7683868,
71.0008316,21.47566032,71.0212326,23.09843063,71.04256439,20.42907333,71.06289673,19.2303009,71.0842514,23.85300827,71.10523224,25.70599747,71.12639618,24.70738029,71.14672852,24.55896378,71.19006348,194.516098,
72.0008316,22.26569748,72.0212326,23.3777504,72.04239655,20.10188675,72.06304169,19.77770042,72.08403778,24.37433624,72.10471344,25.57063293,72.12564087,25.42815208,72.14671326,25.23818207,72.18771362,191.7038269,
73.0008316,21.64632607,73.02189636,23.39122963,73.04312134,20.13513374,73.06387329,19.37262535,73.08520508,23.80312538,73.10570526,25.45848656,73.12637329,24.94949341,73.14704132,25.09892845,73.18856812,193.9934235,
74.0008316,21.87418938,74.02187347,24.06473541,74.04206848,21.12614632,74.06320953,19.41567612,74.08403778,23.91775322,74.10439301,25.9000721,74.12521362,25.63037491,74.14653778,24.52055359,74.18704224,192.0491638,
75.0008316,21.59946823,75.02120972,23.06675148,75.04187775,20.33384323,75.06253815,19.73900223,75.08362579,23.5620327,75.10439301,25.86579132,75.12558746,24.75296211,75.14698029,24.91480827,75.18787384,193.0322266,
76.0008316,21.67480278,76.02172852,23.25180244,76.04262543,20.56113815,76.06408691,19.41806793,76.08456421,24.07736206,76.10587311,26.06776428,76.12689972,24.42648697,76.14770508,24.58116913,76.18824768,191.2445526,
77.0008316,21.74951363,77.02053833,23.39534187,77.04137421,20.50363922,77.06247711,19.43574524,77.08396149,24.34826851,77.10441589,26.02057076,77.12474823,25.29062271,77.14606476,24.5968132,77.1865387,192.375824,
78.0008316,22.01785469,78.02120972,23.39581299,78.04154205,20.12074852,78.06253815,19.51804161,78.08322906,23.58016205,78.10437775,26.20639229,78.12478638,25.20096207,78.1462326,24.12022972,78.18746185,190.7883301,
79.0008316,22.05374908,79.02053833,23.1534214,79.04248047,20.45877266,79.06312561,19.70726967,79.08358765,23.7102623,79.10423279,25.17225456,79.12545776,25.06407356,79.14681244,24.84246063,79.18737793,194.1895142,
80.0008316,21.73725319,80.02112579,23.09027672,80.04264069,20.69165993,80.06314087,19.7617321,80.08397675,24.03526688,80.10546112,25.94482803,80.126297,24.39718056,80.1466217,25.26540947,80.18771362,191.9687195,
81.0008316,20.82192612,81.02231598,22.93900681,81.04304504,20.03291512,81.063797,19.60422134,81.08429718,23.42555618,81.10546112,25.1456356,81.12604523,25.29542351,81.14746094,25.50253868,81.19065094,191.8320923,
82.0008316,21.73192787,82.02023315,23.6654911,82.04154205,20.84108162,82.06271362,19.5815239,82.08321381,23.39188576,82.10471344,25.4798317,82.12503815,24.69948387,82.14637756,24.75229454,82.18687439,191.7207184,
83.0008316,22.08975792,83.02131653,23.23999405,83.04231262,21.17534256,83.06354523,19.68368149,83.08414459,23.90312195,83.10531616,25.82416916,83.12597656,24.73728943,83.14691925,24.50810432,83.18891907,190.5791321,
84.0008316,21.55010414,84.02120972,23.34064674,84.04270935,20.40286827,84.06304169,19.97056389,84.08437347,23.62282181,84.10531616,26.18562508,84.126297,24.72994995,84.14736938,24.2360878,84.18837738,189.5150452,
85.0008316,22.0962944,85.02091217,23.20824242,85.04173279,20.3249073,85.06306458,19.73311615,85.08370972,23.92489052,85.10447693,25.63809776,85.12597656,25.24596024,85.14658356,24.69135857,85.18914032,190.2913666,
86.0008316,21.12466049,86.02146149,23.49491692,86.04262543,20.17542648,86.06323242,19.20713043,86.08429718,24.02446175,86.10512543,25.5300045,86.1259613,24.10438728,86.1467514,24.48632622,86.1893158,193.881073,
87.0008316,22.07204247,87.02172852,23.31806755,87.04289246,20.33385849,87.06406403,19.25043106,87.08454132,23.4434967,87.10572815,25.36337662,87.12639618,24.67575073,87.14706421,24.53194809,87.18972778,192.403595,
88.0008316,21.87240982,88.02064514,23.06977844,88.04162598,21.24658203,88.06295776,19.15463829,88.08389282,23.65718842,88.10405731,25.16154671,88.12525177,25.13774109,88.1462326,24.94096756,88.18772888,191.1164093,
89.0008316,21.66401672,89.02104187,22.81725311,89.04145813,20.31305313,89.06304169,19.81107521,89.08421326,24.43676567,89.10536957,25.59177208,89.12597656,25.44150352,89.14646149,24.38162422,89.18922424,194.3527832,
90.0008316,21.29543114,90.02056122,23.57778549,90.0410614,20.06417656,90.06237793,19.37864113,90.08303833,23.62980843,90.10404205,25.51334953,90.12471008,24.50728989,90.14604187,24.19979477,90.18687439,191.4199219,
91.0008316,21.35052109,91.02071381,22.88473511,91.0417099,19.82776451,91.06314087,19.65141487,91.08325195,23.95606041,91.10441589,25.02518272,91.12491608,24.71982193,91.14606476,24.29089928,91.18920898,188.6980743,
92.0008316,21.46721649,92.02104187,23.92696762,92.04254913,20.42568779,92.06246185,19.29666901,92.08378601,24.06063271,92.10441589,25.56886292,92.12525177,24.56464195,92.1462326,25.01186752,92.18955994,190.5267334,
93.0008316,21.46692848,93.0216217,23.09599876,93.04262543,20.09799004,93.06323242,19.62366486,93.08403778,24.03183174,93.10520935,25.31014252,93.12570953,24.6179657,93.14647675,25.17950439,93.18922424,189.2367859,
94.0008316,21.36805916,94.02124786,23.46494484,94.04264069,20.69117355,94.06342316,19.38580513,94.08462524,24.83592033,94.10489655,26.11380386,94.12592316,24.74449158,94.14739227,24.98055267,94.18856812,191.6214142,
95.0008316,21.14156914,95.02212524,23.59938049,95.04312134,20.0427475,95.06391907,19.09817505,95.08422852,23.71039963,95.10506439,25.31477165,95.12645721,24.62282372,95.14706421,24.8769722,95.188797,193.7117767,
96.0008316,22.35630417,96.02139282,23.47142792,96.04256439,20.66899109,96.06337738,19.58468056,96.08403778,24.09461212,96.10504913,24.88157463,96.12604523,24.81179237,96.14687347,24.15084076,96.18972778,189.0338593,
97.0008316,21.55990982,97.02080536,22.96517754,97.04203796,20.36865807,97.06241608,19.66275215,97.08325195,24.07465363,97.10424805,25.18426132,97.12489319,24.347826,97.14606476,25,97.18929291,191.521759,
98.0008316,21.50471687,98.02254486,23.16684723,98.04306793,20.43492508,98.06454468,19.58210182,98.08456421,24.45178986,98.10587311,24.88258362,98.12620544,24.65279579,98.1474762,25.61400223,98.19006348,189.3475189,
99.0008316,21.38210487,99.02114105,24.15867996,99.0422287,20.56219101,99.06320953,19.89043999,99.08437347,24.06866074,99.10471344,25.52633095,99.12604523,24.20280457,99.14720917,24.90163994,99.18972778,187.9225616,
100.0008316,20.72328377,100.0225601,23.39821434,100.0439148,20.53363037,100.0637283,19.81274223,100.0847092,24.05893135,100.1058884,24.31715393,100.1272278,24.42436981,100.1473923,25.24651337,100.1899185,190.3168182,
101.0008316,21.99773979,101.0225449,23.47653008,101.0433731,20.58016586,101.0635834,19.32668304,101.0852509,23.47082138,101.1057968,25.685606,101.126709,25.28619576,101.1476212,24.74436188,101.1882095,190.7201843,
102.0008316,22.04209137,102.0208969,22.1008091,102.0413971,20.51592827,102.0620422,19.99378395,102.0838165,24.50852013,102.1037903,24.31929016,102.1249771,24.76387405,102.1461258,25.17125702,102.1867142,187.446228,
103.0008316,22.03148079,103.0210419,23.54203415,103.0423737,20.12329674,103.0635452,19.49290848,103.0844803,23.2563839,103.1048737,25.11071014,103.1256409,23.90135574,103.1468735,24.88180733,103.1902237,190.0458221,
104.0008316,21.56686401,104.0217972,23.14906693,104.0427933,20.56235886,104.0634232,19.48529816,104.0842514,23.80057144,104.1050644,25.6207428,104.1257477,23.97878265,104.1462479,25.45740891,104.1878738,189.4351349,
105.0008316,21.76897621,105.0211411,23.00917816,105.0413971,20.11845779,105.0628128,19.59136391,105.0838165,23.99080467,105.1047134,24.98479652,105.1250687,24.15751076,105.145874,25.13511086,105.1888733,188.1417542,
106.0008316,21.13546944,106.0207291,23.08569145,106.041214,20.42895699,106.0627289,19.85801506,106.0830383,23.90995026,106.1038742,24.85618401,106.1252899,24.51427078,106.1456223,24.80030441,106.1887054,184.9408417,
107.0008316,21.86082649,107.0211411,23.7065239,107.0426254,20.24212074,107.063797,19.89995956,107.0846405,24.59220123,107.105545,25.33463669,107.1263733,24.21065331,107.1468735,24.89985657,107.1897278,186.9535675,
108.0008316,21.73505211,108.0213928,22.94031715,108.0427322,20.18704414,108.0637283,18.91509628,108.0842133,23.44175339,108.1047134,24.81093788,108.1262283,25.3885231,108.1460419,25.15189362,108.1877136,190.5586395,
109.0008316,21.0230751,109.0209579,23.44963646,109.0423126,20.78689766,109.0622482,18.93469429,109.0837479,24.04187393,109.1040573,26.25250435,109.125412,24.53372002,109.1459579,24.73637009,109.1887283,183.3515015,
110.0008316,20.68016815,110.0209122,23.15571404,110.0419617,20.35079956,110.0624161,19.56892014,110.0835876,23.00065994,110.1049118,25.03360748,110.1259766,24.42114258,110.1463776,24.09819412,110.1888962,187.3079071,
111.0008316,21.36399078,111.0220871,22.60945702,111.0431442,20.07369041,111.0639572,19.53514671,111.0848923,23.50187683,111.1053925,25.70959473,111.1265869,23.87679863,111.1468964,24.25589752,111.189743,187.921936,
112.0008316,20.53385544,112.0213928,22.97217178,112.0427475,20.21719742,112.0635681,19.87008476,112.0842285,23.77946663,112.1050644,24.93242073,112.1255417,24.4051857,112.1464767,25.10765648,112.1897049,184.9889069,
113.0008316,21.25198364,113.0217285,22.88656425,113.0428696,19.91661644,113.0635452,19.57577705,113.0840378,23.15555573,113.105545,25.30027199,113.1260452,24.4740715,113.1468735,24.92748642,113.1880417,185.9864807,
114.0008316,22.11525726,114.0213928,23.01047325,114.041893,20.12905502,114.0625687,18.99882317,114.0837326,23.3850975,114.1040573,24.55071068,114.1252289,24.26099777,114.1457291,24.21454239,114.1873932,189.3994293,
115.0008316,21.16560936,115.0203781,22.90916824,115.0415421,19.77407837,115.0623779,19.35160065,115.0837097,24.29885674,115.1043777,24.92533875,115.1247101,23.30903053,115.145874,25.49483871,115.1883774,186.4697418,
116.0008316,20.9208107,116.0220871,22.7292366,116.0427475,20.50853348,116.0632477,19.11410332,116.0845642,24.77045822,116.1050491,25.33963203,116.1260452,23.91751099,116.1473694,25.22639084,116.1887054,185.6153259,
117.0008316,20.91503334,117.0210419,23.4754467,117.0424805,19.57616234,117.0631256,19.17396736,117.0834808,24.11229515,117.1047897,24.67358208,117.1255875,24.41559029,117.1458969,24.44067001,117.1875687,186.7397156,
118.0008316,20.17956161,118.0215836,22.58254814,118.0422287,19.82704926,118.0630417,19.43157578,118.0840378,23.29352188,118.1045685,24.44392204,118.1253967,24.76088905,118.1464157,24.62905884,118.1877518,185.3194122,
118.1877518,185.3194122,,,,,,,,,,,,,,,,,

Sample A1,
Sample A1
Collection Time: 07-Aug-24 11:40:28 AM
Operator Name  :
Kinetics Software Version: 1.2(146)
Parameter List :
Report Time: Wed 07 Aug 11:40:28 AM 2024
Software version: 1.2(146)
Operator:
Instrument Parameters
Instrument                        Cary Eclipse
Instrument Serial Number          MY18160001
Data mode                         Fluorescence
Ex. wavelength (nm)               495.00
Em. wavelength (nm)               515.00
Ex. Slit (nm)                     5
Em. Slit (nm)                     5
Averaging Time (s)                0.1000
Cycle time(min)                   1.0000
Stop time(min)                    120.0000
Emission filter                   Open
Excitation Filter                 Auto
PMT voltage (V)                   Medium
Wellplate                         ON
Plate format                     96 Wells
Read position                    Well centre
Multi-zero                       OFF
Auto-zero                        OFF
Well                            A1
Comments:
Method Log     :
Method Name    : C:\USERS\ADMIN\DESKTOP\TXC.FBKN
Date/Time stamp: 12-Jun-24 9:10:34 AM
Method Modifications:
Wellplate Overlay Mode Changed: 11-Jun-24 5:29:48 PM, Old:Individual, New:Choice 1
Wellplate Overlay Mode Changed: 11-Jun-24 5:29:48 PM, Old:Overlay all, New:Choice 2
Wellplate Overlay Mode Changed: 11-Jun-24 5:29:48 PM, Old:Overlay rows, New:Choice 3
Wellplate Overlay Mode Changed: 11-Jun-24 5:29:48 PM, Old:Overlay columns, New:Choice 4
Wellplate Overlay Mode Changed: 11-Jun-24 5:29:48 PM, Old:User defined, New:Overlay columns
PMT Volts Changed: 11-Jun-24 5:34:02 PM, Old:600, New:550
Well plate reader Changed: 11-Jun-24 5:34:02 PM, Old:OFF, New:ON
Autoconvert Changed: 11-Jun-24 5:34:02 PM, Old:None, New:Ascii
Excitation Wavelength Changed: 11-Jun-24 5:34:02 PM, Old: 400.00, New: 494.00
Emission Wavelength Changed: 11-Jun-24 5:34:02 PM, Old: 600.00, New: 514.00
Stop Time 1 Changed: 11-Jun-24 5:34:02 PM, Old: 1.0000, New:120.0000
Emission PMT (V): Changed: 11-Jun-24 5:34:02 PM, Old: 600, New: 550
Wellplate Samples Changed: 11-Jun-24 5:34:02 PM, Old:, New:A1;A2;A3;A4;A5;A6;A7;A8;A9;A10;A11;A12;B1;B2;B3;B4;B5;B6;B7;B8;B9;B10;B11;B12;C1;C2;C3;C4;C5;C6;C7;C8;C9;C10;C11;C12;D1;D2;D3;D4;D5;D6;D7;D8;D9;D10;D11;D12;E1;E2;E3;E4;E5;E6;E7;E8;E9;E10;E11;E12;F1;F2;F3;F4;F5;F6;F7;F8;F9;F10;F11;F12;G1;G2;G3;G4;G5;G6;G7;G8;G9;G10;G11;G12;H1;H2;H3;H4;H5;H6;H7;H8;H9;H10;H11;H12;
Stop Time 1 Changed: 12-Jun-24 8:47:35 AM, Old:120.0000, New: 3.0000
Current Method Changed: 07-Aug-24 11:26:20 AM, Old:C:\Users\admin\Desktop\txc.FBKN, New:C:\USERS\ADMIN\DESKTOP\TXC.FBKN
PMT Volts Changed: 07-Aug-24 11:27:10 AM, Old:550, New:800
Excitation Wavelength Changed: 07-Aug-24 11:27:10 AM, Old: 494.00, New: 495.00
Emission Wavelength Changed: 07-Aug-24 11:27:10 AM, Old: 514.00, New: 515.00
Cycle Time 1 Changed: 07-Aug-24 11:27:10 AM, Old: 0.0000, New: 0.5000
Stop Time 1 Changed: 07-Aug-24 11:27:10 AM, Old: 3.0000, New: 1.0000
Emission PMT (V): Changed: 07-Aug-24 11:27:10 AM, Old: 550, New: 800
Wellplate Samples Changed: 07-Aug-24 11:27:10 AM, Old:A1;A2;A3;A4;A5;A6;A7;A8;A9;A10;A11;A12;B1;B2;B3;B4;B5;B6;B7;B8;B9;B10;B11;B12;C1;C2;C3;C4;C5;C6;C7;C8;C9;C10;C11;C12;D1;D2;D3;D4;D5;D6;D7;D8;D9;D10;D11;D12;E1;E2;E3;E4;E5;E6;E7;E8;E9;E10;E11;E12;F1;F2;F3;F4;F5;F6;F7;F8;F9;F10;F11;F12;G1;G2;G3;G4;G5;G6;G7;G8;G9;G10;G11;G12;H1;H2;H3;H4;H5;H6;H7;H8;H9;H10;H11;H12;, New:A1;A2;A3;A4;A5;A6;A7;A8;A12;
Autoconvert Changed: 07-Aug-24 11:32:56 AM, Old:Ascii, New:None
PMT Volts Changed: 07-Aug-24 11:33:42 AM, Old:800, New:600
Emission PMT (V): Changed: 07-Aug-24 11:33:42 AM, Old: 800, New: 600
Cycle Time 1 Changed: 07-Aug-24 11:36:03 AM, Old: 0.5000, New: 1.0000
Stop Time 1 Changed: 07-Aug-24 11:36:03 AM, Old: 1.0000, New:120.0000
End Method Modifications

Sample A2,
Sample A2
Collection Time: 07-Aug-24 11:40:28 AM
Operator Name  :
Kinetics Software Version: 1.2(146)
Parameter List :
Report Time: Wed 07 Aug 11:40:28 AM 2024
Software version: 1.2(146)
Operator:
Instrument Parameters
Instrument                        Cary Eclipse
Instrument Serial Number          MY18160001
Data mode                         Fluorescence
Ex. wavelength (nm)               495.00
Em. wavelength (nm)               515.00
Ex. Slit (nm)                     5
Em. Slit (nm)                     5
Averaging Time (s)                0.1000
Cycle time(min)                   1.0000
Stop time(min)                    120.0000
Emission filter                   Open
Excitation Filter                 Auto
PMT voltage (V)                   Medium
Wellplate                         ON
Plate format                     96 Wells
Read position                    Well centre
Multi-zero                       OFF
Auto-zero                        OFF
Well                            A1
Comments:
Method Log     :
Method Name    : C:\USERS\ADMIN\DESKTOP\TXC.FBKN
Date/Time stamp: 12-Jun-24 9:10:34 AM
Method Modifications:
Wellplate Overlay Mode Changed: 11-Jun-24 5:29:48 PM, Old:Individual, New:Choice 1
Wellplate Overlay Mode Changed: 11-Jun-24 5:29:48 PM, Old:Overlay all, New:Choice 2
Wellplate Overlay Mode Changed: 11-Jun-24 5:29:48 PM, Old:Overlay rows, New:Choice 3
Wellplate Overlay Mode Changed: 11-Jun-24 5:29:48 PM, Old:Overlay columns, New:Choice 4
Wellplate Overlay Mode Changed: 11-Jun-24 5:29:48 PM, Old:User defined, New:Overlay columns
PMT Volts Changed: 11-Jun-24 5:34:02 PM, Old:600, New:550
Well plate reader Changed: 11-Jun-24 5:34:02 PM, Old:OFF, New:ON
Autoconvert Changed: 11-Jun-24 5:34:02 PM, Old:None, New:Ascii
Excitation Wavelength Changed: 11-Jun-24 5:34:02 PM, Old: 400.00, New: 494.00
Emission Wavelength Changed: 11-Jun-24 5:34:02 PM, Old: 600.00, New: 514.00
Stop Time 1 Changed: 11-Jun-24 5:34:02 PM, Old: 1.0000, New:120.0000
Emission PMT (V): Changed: 11-Jun-24 5:34:02 PM, Old: 600, New: 550
Wellplate Samples Changed: 11-Jun-24 5:34:02 PM, Old:, New:A1;A2;A3;A4;A5;A6;A7;A8;A9;A10;A11;A12;B1;B2;B3;B4;B5;B6;B7;B8;B9;B10;B11;B12;C1;C2;C3;C4;C5;C6;C7;C8;C9;C10;C11;C12;D1;D2;D3;D4;D5;D6;D7;D8;D9;D10;D11;D12;E1;E2;E3;E4;E5;E6;E7;E8;E9;E10;E11;E12;F1;F2;F3;F4;F5;F6;F7;F8;F9;F10;F11;F12;G1;G2;G3;G4;G5;G6;G7;G8;G9;G10;G11;G12;H1;H2;H3;H4;H5;H6;H7;H8;H9;H10;H11;H12;
Stop Time 1 Changed: 12-Jun-24 8:47:35 AM, Old:120.0000, New: 3.0000
Current Method Changed: 07-Aug-24 11:26:20 AM, Old:C:\Users\admin\Desktop\txc.FBKN, New:C:\USERS\ADMIN\DESKTOP\TXC.FBKN
PMT Volts Changed: 07-Aug-24 11:27:10 AM, Old:550, New:800
Excitation Wavelength Changed: 07-Aug-24 11:27:10 AM, Old: 494.00, New: 495.00
Emission Wavelength Changed: 07-Aug-24 11:27:10 AM, Old: 514.00, New: 515.00
Cycle Time 1 Changed: 07-Aug-24 11:27:10 AM, Old: 0.0000, New: 0.5000
Stop Time 1 Changed: 07-Aug-24 11:27:10 AM, Old: 3.0000, New: 1.0000
Emission PMT (V): Changed: 07-Aug-24 11:27:10 AM, Old: 550, New: 800
Wellplate Samples Changed: 07-Aug-24 11:27:10 AM, Old:A1;A2;A3;A4;A5;A6;A7;A8;A9;A10;A11;A12;B1;B2;B3;B4;B5;B6;B7;B8;B9;B10;B11;B12;C1;C2;C3;C4;C5;C6;C7;C8;C9;C10;C11;C12;D1;D2;D3;D4;D5;D6;D7;D8;D9;D10;D11;D12;E1;E2;E3;E4;E5;E6;E7;E8;E9;E10;E11;E12;F1;F2;F3;F4;F5;F6;F7;F8;F9;F10;F11;F12;G1;G2;G3;G4;G5;G6;G7;G8;G9;G10;G11;G12;H1;H2;H3;H4;H5;H6;H7;H8;H9;H10;H11;H12;, New:A1;A2;A3;A4;A5;A6;A7;A8;A12;
Autoconvert Changed: 07-Aug-24 11:32:56 AM, Old:Ascii, New:None
PMT Volts Changed: 07-Aug-24 11:33:42 AM, Old:800, New:600
Emission PMT (V): Changed: 07-Aug-24 11:33:42 AM, Old: 800, New: 600
Cycle Time 1 Changed: 07-Aug-24 11:36:03 AM, Old: 0.5000, New: 1.0000
Stop Time 1 Changed: 07-Aug-24 11:36:03 AM, Old: 1.0000, New:120.0000
End Method Modifications

Sample A3,
Sample A3
Collection Time: 07-Aug-24 11:40:28 AM
Operator Name  :
Kinetics Software Version: 1.2(146)
Parameter List :
Report Time: Wed 07 Aug 11:40:28 AM 2024
Software version: 1.2(146)
Operator:
Instrument Parameters
Instrument                        Cary Eclipse
Instrument Serial Number          MY18160001
Data mode                         Fluorescence
Ex. wavelength (nm)               495.00
Em. wavelength (nm)               515.00
Ex. Slit (nm)                     5
Em. Slit (nm)                     5
Averaging Time (s)                0.1000
Cycle time(min)                   1.0000
Stop time(min)                    120.0000
Emission filter                   Open
Excitation Filter                 Auto
PMT voltage (V)                   Medium
Wellplate                         ON
Plate format                     96 Wells
Read position                    Well centre
Multi-zero                       OFF
Auto-zero                        OFF
Well                            A1
Comments:
Method Log     :
Method Name    : C:\USERS\ADMIN\DESKTOP\TXC.FBKN
Date/Time stamp: 12-Jun-24 9:10:34 AM
Method Modifications:
Wellplate Overlay Mode Changed: 11-Jun-24 5:29:48 PM, Old:Individual, New:Choice 1
Wellplate Overlay Mode Changed: 11-Jun-24 5:29:48 PM, Old:Overlay all, New:Choice 2
Wellplate Overlay Mode Changed: 11-Jun-24 5:29:48 PM, Old:Overlay rows, New:Choice 3
Wellplate Overlay Mode Changed: 11-Jun-24 5:29:48 PM, Old:Overlay columns, New:Choice 4
Wellplate Overlay Mode Changed: 11-Jun-24 5:29:48 PM, Old:User defined, New:Overlay columns
PMT Volts Changed: 11-Jun-24 5:34:02 PM, Old:600, New:550
Well plate reader Changed: 11-Jun-24 5:34:02 PM, Old:OFF, New:ON
Autoconvert Changed: 11-Jun-24 5:34:02 PM, Old:None, New:Ascii
Excitation Wavelength Changed: 11-Jun-24 5:34:02 PM, Old: 400.00, New: 494.00
Emission Wavelength Changed: 11-Jun-24 5:34:02 PM, Old: 600.00, New: 514.00
Stop Time 1 Changed: 11-Jun-24 5:34:02 PM, Old: 1.0000, New:120.0000
Emission PMT (V): Changed: 11-Jun-24 5:34:02 PM, Old: 600, New: 550
Wellplate Samples Changed: 11-Jun-24 5:34:02 PM, Old:, New:A1;A2;A3;A4;A5;A6;A7;A8;A9;A10;A11;A12;B1;B2;B3;B4;B5;B6;B7;B8;B9;B10;B11;B12;C1;C2;C3;C4;C5;C6;C7;C8;C9;C10;C11;C12;D1;D2;D3;D4;D5;D6;D7;D8;D9;D10;D11;D12;E1;E2;E3;E4;E5;E6;E7;E8;E9;E10;E11;E12;F1;F2;F3;F4;F5;F6;F7;F8;F9;F10;F11;F12;G1;G2;G3;G4;G5;G6;G7;G8;G9;G10;G11;G12;H1;H2;H3;H4;H5;H6;H7;H8;H9;H10;H11;H12;
Stop Time 1 Changed: 12-Jun-24 8:47:35 AM, Old:120.0000, New: 3.0000
Current Method Changed: 07-Aug-24 11:26:20 AM, Old:C:\Users\admin\Desktop\txc.FBKN, New:C:\USERS\ADMIN\DESKTOP\TXC.FBKN
PMT Volts Changed: 07-Aug-24 11:27:10 AM, Old:550, New:800
Excitation Wavelength Changed: 07-Aug-24 11:27:10 AM, Old: 494.00, New: 495.00
Emission Wavelength Changed: 07-Aug-24 11:27:10 AM, Old: 514.00, New: 515.00
Cycle Time 1 Changed: 07-Aug-24 11:27:10 AM, Old: 0.0000, New: 0.5000
Stop Time 1 Changed: 07-Aug-24 11:27:10 AM, Old: 3.0000, New: 1.0000
Emission PMT (V): Changed: 07-Aug-24 11:27:10 AM, Old: 550, New: 800
Wellplate Samples Changed: 07-Aug-24 11:27:10 AM, Old:A1;A2;A3;A4;A5;A6;A7;A8;A9;A10;A11;A12;B1;B2;B3;B4;B5;B6;B7;B8;B9;B10;B11;B12;C1;C2;C3;C4;C5;C6;C7;C8;C9;C10;C11;C12;D1;D2;D3;D4;D5;D6;D7;D8;D9;D10;D11;D12;E1;E2;E3;E4;E5;E6;E7;E8;E9;E10;E11;E12;F1;F2;F3;F4;F5;F6;F7;F8;F9;F10;F11;F12;G1;G2;G3;G4;G5;G6;G7;G8;G9;G10;G11;G12;H1;H2;H3;H4;H5;H6;H7;H8;H9;H10;H11;H12;, New:A1;A2;A3;A4;A5;A6;A7;A8;A12;
Autoconvert Changed: 07-Aug-24 11:32:56 AM, Old:Ascii, New:None
PMT Volts Changed: 07-Aug-24 11:33:42 AM, Old:800, New:600
Emission PMT (V): Changed: 07-Aug-24 11:33:42 AM, Old: 800, New: 600
Cycle Time 1 Changed: 07-Aug-24 11:36:03 AM, Old: 0.5000, New: 1.0000
Stop Time 1 Changed: 07-Aug-24 11:36:03 AM, Old: 1.0000, New:120.0000
End Method Modifications

Sample A4,
Sample A4
Collection Time: 07-Aug-24 11:40:28 AM
Operator Name  :
Kinetics Software Version: 1.2(146)
Parameter List :
Report Time: Wed 07 Aug 11:40:28 AM 2024
Software version: 1.2(146)
Operator:
Instrument Parameters
Instrument                        Cary Eclipse
Instrument Serial Number          MY18160001
Data mode                         Fluorescence
Ex. wavelength (nm)               495.00
Em. wavelength (nm)               515.00
Ex. Slit (nm)                     5
Em. Slit (nm)                     5
Averaging Time (s)                0.1000
Cycle time(min)                   1.0000
Stop time(min)                    120.0000
Emission filter                   Open
Excitation Filter                 Auto
PMT voltage (V)                   Medium
Wellplate                         ON
Plate format                     96 Wells
Read position                    Well centre
Multi-zero                       OFF
Auto-zero                        OFF
Well                            A1
Comments:
Method Log     :
Method Name    : C:\USERS\ADMIN\DESKTOP\TXC.FBKN
Date/Time stamp: 12-Jun-24 9:10:34 AM
Method Modifications:
Wellplate Overlay Mode Changed: 11-Jun-24 5:29:48 PM, Old:Individual, New:Choice 1
Wellplate Overlay Mode Changed: 11-Jun-24 5:29:48 PM, Old:Overlay all, New:Choice 2
Wellplate Overlay Mode Changed: 11-Jun-24 5:29:48 PM, Old:Overlay rows, New:Choice 3
Wellplate Overlay Mode Changed: 11-Jun-24 5:29:48 PM, Old:Overlay columns, New:Choice 4
Wellplate Overlay Mode Changed: 11-Jun-24 5:29:48 PM, Old:User defined, New:Overlay columns
PMT Volts Changed: 11-Jun-24 5:34:02 PM, Old:600, New:550
Well plate reader Changed: 11-Jun-24 5:34:02 PM, Old:OFF, New:ON
Autoconvert Changed: 11-Jun-24 5:34:02 PM, Old:None, New:Ascii
Excitation Wavelength Changed: 11-Jun-24 5:34:02 PM, Old: 400.00, New: 494.00
Emission Wavelength Changed: 11-Jun-24 5:34:02 PM, Old: 600.00, New: 514.00
Stop Time 1 Changed: 11-Jun-24 5:34:02 PM, Old: 1.0000, New:120.0000
Emission PMT (V): Changed: 11-Jun-24 5:34:02 PM, Old: 600, New: 550
Wellplate Samples Changed: 11-Jun-24 5:34:02 PM, Old:, New:A1;A2;A3;A4;A5;A6;A7;A8;A9;A10;A11;A12;B1;B2;B3;B4;B5;B6;B7;B8;B9;B10;B11;B12;C1;C2;C3;C4;C5;C6;C7;C8;C9;C10;C11;C12;D1;D2;D3;D4;D5;D6;D7;D8;D9;D10;D11;D12;E1;E2;E3;E4;E5;E6;E7;E8;E9;E10;E11;E12;F1;F2;F3;F4;F5;F6;F7;F8;F9;F10;F11;F12;G1;G2;G3;G4;G5;G6;G7;G8;G9;G10;G11;G12;H1;H2;H3;H4;H5;H6;H7;H8;H9;H10;H11;H12;
Stop Time 1 Changed: 12-Jun-24 8:47:35 AM, Old:120.0000, New: 3.0000
Current Method Changed: 07-Aug-24 11:26:20 AM, Old:C:\Users\admin\Desktop\txc.FBKN, New:C:\USERS\ADMIN\DESKTOP\TXC.FBKN
PMT Volts Changed: 07-Aug-24 11:27:10 AM, Old:550, New:800
Excitation Wavelength Changed: 07-Aug-24 11:27:10 AM, Old: 494.00, New: 495.00
Emission Wavelength Changed: 07-Aug-24 11:27:10 AM, Old: 514.00, New: 515.00
Cycle Time 1 Changed: 07-Aug-24 11:27:10 AM, Old: 0.0000, New: 0.5000
Stop Time 1 Changed: 07-Aug-24 11:27:10 AM, Old: 3.0000, New: 1.0000
Emission PMT (V): Changed: 07-Aug-24 11:27:10 AM, Old: 550, New: 800
Wellplate Samples Changed: 07-Aug-24 11:27:10 AM, Old:A1;A2;A3;A4;A5;A6;A7;A8;A9;A10;A11;A12;B1;B2;B3;B4;B5;B6;B7;B8;B9;B10;B11;B12;C1;C2;C3;C4;C5;C6;C7;C8;C9;C10;C11;C12;D1;D2;D3;D4;D5;D6;D7;D8;D9;D10;D11;D12;E1;E2;E3;E4;E5;E6;E7;E8;E9;E10;E11;E12;F1;F2;F3;F4;F5;F6;F7;F8;F9;F10;F11;F12;G1;G2;G3;G4;G5;G6;G7;G8;G9;G10;G11;G12;H1;H2;H3;H4;H5;H6;H7;H8;H9;H10;H11;H12;, New:A1;A2;A3;A4;A5;A6;A7;A8;A12;
Autoconvert Changed: 07-Aug-24 11:32:56 AM, Old:Ascii, New:None
PMT Volts Changed: 07-Aug-24 11:33:42 AM, Old:800, New:600
Emission PMT (V): Changed: 07-Aug-24 11:33:42 AM, Old: 800, New: 600
Cycle Time 1 Changed: 07-Aug-24 11:36:03 AM, Old: 0.5000, New: 1.0000
Stop Time 1 Changed: 07-Aug-24 11:36:03 AM, Old: 1.0000, New:120.0000
End Method Modifications

Sample A5,
Sample A5
Collection Time: 07-Aug-24 11:40:28 AM
Operator Name  :
Kinetics Software Version: 1.2(146)
Parameter List :
Report Time: Wed 07 Aug 11:40:28 AM 2024
Software version: 1.2(146)
Operator:
Instrument Parameters
Instrument                        Cary Eclipse
Instrument Serial Number          MY18160001
Data mode                         Fluorescence
Ex. wavelength (nm)               495.00
Em. wavelength (nm)               515.00
Ex. Slit (nm)                     5
Em. Slit (nm)                     5
Averaging Time (s)                0.1000
Cycle time(min)                   1.0000
Stop time(min)                    120.0000
Emission filter                   Open
Excitation Filter                 Auto
PMT voltage (V)                   Medium
Wellplate                         ON
Plate format                     96 Wells
Read position                    Well centre
Multi-zero                       OFF
Auto-zero                        OFF
Well                            A1
Comments:
Method Log     :
Method Name    : C:\USERS\ADMIN\DESKTOP\TXC.FBKN
Date/Time stamp: 12-Jun-24 9:10:34 AM
Method Modifications:
Wellplate Overlay Mode Changed: 11-Jun-24 5:29:48 PM, Old:Individual, New:Choice 1
Wellplate Overlay Mode Changed: 11-Jun-24 5:29:48 PM, Old:Overlay all, New:Choice 2
Wellplate Overlay Mode Changed: 11-Jun-24 5:29:48 PM, Old:Overlay rows, New:Choice 3
Wellplate Overlay Mode Changed: 11-Jun-24 5:29:48 PM, Old:Overlay columns, New:Choice 4
Wellplate Overlay Mode Changed: 11-Jun-24 5:29:48 PM, Old:User defined, New:Overlay columns
PMT Volts Changed: 11-Jun-24 5:34:02 PM, Old:600, New:550
Well plate reader Changed: 11-Jun-24 5:34:02 PM, Old:OFF, New:ON
Autoconvert Changed: 11-Jun-24 5:34:02 PM, Old:None, New:Ascii
Excitation Wavelength Changed: 11-Jun-24 5:34:02 PM, Old: 400.00, New: 494.00
Emission Wavelength Changed: 11-Jun-24 5:34:02 PM, Old: 600.00, New: 514.00
Stop Time 1 Changed: 11-Jun-24 5:34:02 PM, Old: 1.0000, New:120.0000
Emission PMT (V): Changed: 11-Jun-24 5:34:02 PM, Old: 600, New: 550
Wellplate Samples Changed: 11-Jun-24 5:34:02 PM, Old:, New:A1;A2;A3;A4;A5;A6;A7;A8;A9;A10;A11;A12;B1;B2;B3;B4;B5;B6;B7;B8;B9;B10;B11;B12;C1;C2;C3;C4;C5;C6;C7;C8;C9;C10;C11;C12;D1;D2;D3;D4;D5;D6;D7;D8;D9;D10;D11;D12;E1;E2;E3;E4;E5;E6;E7;E8;E9;E10;E11;E12;F1;F2;F3;F4;F5;F6;F7;F8;F9;F10;F11;F12;G1;G2;G3;G4;G5;G6;G7;G8;G9;G10;G11;G12;H1;H2;H3;H4;H5;H6;H7;H8;H9;H10;H11;H12;
Stop Time 1 Changed: 12-Jun-24 8:47:35 AM, Old:120.0000, New: 3.0000
Current Method Changed: 07-Aug-24 11:26:20 AM, Old:C:\Users\admin\Desktop\txc.FBKN, New:C:\USERS\ADMIN\DESKTOP\TXC.FBKN
PMT Volts Changed: 07-Aug-24 11:27:10 AM, Old:550, New:800
Excitation Wavelength Changed: 07-Aug-24 11:27:10 AM, Old: 494.00, New: 495.00
Emission Wavelength Changed: 07-Aug-24 11:27:10 AM, Old: 514.00, New: 515.00
Cycle Time 1 Changed: 07-Aug-24 11:27:10 AM, Old: 0.0000, New: 0.5000
Stop Time 1 Changed: 07-Aug-24 11:27:10 AM, Old: 3.0000, New: 1.0000
Emission PMT (V): Changed: 07-Aug-24 11:27:10 AM, Old: 550, New: 800
Wellplate Samples Changed: 07-Aug-24 11:27:10 AM, Old:A1;A2;A3;A4;A5;A6;A7;A8;A9;A10;A11;A12;B1;B2;B3;B4;B5;B6;B7;B8;B9;B10;B11;B12;C1;C2;C3;C4;C5;C6;C7;C8;C9;C10;C11;C12;D1;D2;D3;D4;D5;D6;D7;D8;D9;D10;D11;D12;E1;E2;E3;E4;E5;E6;E7;E8;E9;E10;E11;E12;F1;F2;F3;F4;F5;F6;F7;F8;F9;F10;F11;F12;G1;G2;G3;G4;G5;G6;G7;G8;G9;G10;G11;G12;H1;H2;H3;H4;H5;H6;H7;H8;H9;H10;H11;H12;, New:A1;A2;A3;A4;A5;A6;A7;A8;A12;
Autoconvert Changed: 07-Aug-24 11:32:56 AM, Old:Ascii, New:None
PMT Volts Changed: 07-Aug-24 11:33:42 AM, Old:800, New:600
Emission PMT (V): Changed: 07-Aug-24 11:33:42 AM, Old: 800, New: 600
Cycle Time 1 Changed: 07-Aug-24 11:36:03 AM, Old: 0.5000, New: 1.0000
Stop Time 1 Changed: 07-Aug-24 11:36:03 AM, Old: 1.0000, New:120.0000
End Method Modifications

Sample A6,
Sample A6
Collection Time: 07-Aug-24 11:40:28 AM
Operator Name  :
Kinetics Software Version: 1.2(146)
Parameter List :
Report Time: Wed 07 Aug 11:40:28 AM 2024
Software version: 1.2(146)
Operator:
Instrument Parameters
Instrument                        Cary Eclipse
Instrument Serial Number          MY18160001
Data mode                         Fluorescence
Ex. wavelength (nm)               495.00
Em. wavelength (nm)               515.00
Ex. Slit (nm)                     5
Em. Slit (nm)                     5
Averaging Time (s)                0.1000
Cycle time(min)                   1.0000
Stop time(min)                    120.0000
Emission filter                   Open
Excitation Filter                 Auto
PMT voltage (V)                   Medium
Wellplate                         ON
Plate format                     96 Wells
Read position                    Well centre
Multi-zero                       OFF
Auto-zero                        OFF
Well                            A1
Comments:
Method Log     :
Method Name    : C:\USERS\ADMIN\DESKTOP\TXC.FBKN
Date/Time stamp: 12-Jun-24 9:10:34 AM
Method Modifications:
Wellplate Overlay Mode Changed: 11-Jun-24 5:29:48 PM, Old:Individual, New:Choice 1
Wellplate Overlay Mode Changed: 11-Jun-24 5:29:48 PM, Old:Overlay all, New:Choice 2
Wellplate Overlay Mode Changed: 11-Jun-24 5:29:48 PM, Old:Overlay rows, New:Choice 3
Wellplate Overlay Mode Changed: 11-Jun-24 5:29:48 PM, Old:Overlay columns, New:Choice 4
Wellplate Overlay Mode Changed: 11-Jun-24 5:29:48 PM, Old:User defined, New:Overlay columns
PMT Volts Changed: 11-Jun-24 5:34:02 PM, Old:600, New:550
Well plate reader Changed: 11-Jun-24 5:34:02 PM, Old:OFF, New:ON
Autoconvert Changed: 11-Jun-24 5:34:02 PM, Old:None, New:Ascii
Excitation Wavelength Changed: 11-Jun-24 5:34:02 PM, Old: 400.00, New: 494.00
Emission Wavelength Changed: 11-Jun-24 5:34:02 PM, Old: 600.00, New: 514.00
Stop Time 1 Changed: 11-Jun-24 5:34:02 PM, Old: 1.0000, New:120.0000
Emission PMT (V): Changed: 11-Jun-24 5:34:02 PM, Old: 600, New: 550
Wellplate Samples Changed: 11-Jun-24 5:34:02 PM, Old:, New:A1;A2;A3;A4;A5;A6;A7;A8;A9;A10;A11;A12;B1;B2;B3;B4;B5;B6;B7;B8;B9;B10;B11;B12;C1;C2;C3;C4;C5;C6;C7;C8;C9;C10;C11;C12;D1;D2;D3;D4;D5;D6;D7;D8;D9;D10;D11;D12;E1;E2;E3;E4;E5;E6;E7;E8;E9;E10;E11;E12;F1;F2;F3;F4;F5;F6;F7;F8;F9;F10;F11;F12;G1;G2;G3;G4;G5;G6;G7;G8;G9;G10;G11;G12;H1;H2;H3;H4;H5;H6;H7;H8;H9;H10;H11;H12;
Stop Time 1 Changed: 12-Jun-24 8:47:35 AM, Old:120.0000, New: 3.0000
Current Method Changed: 07-Aug-24 11:26:20 AM, Old:C:\Users\admin\Desktop\txc.FBKN, New:C:\USERS\ADMIN\DESKTOP\TXC.FBKN
PMT Volts Changed: 07-Aug-24 11:27:10 AM, Old:550, New:800
Excitation Wavelength Changed: 07-Aug-24 11:27:10 AM, Old: 494.00, New: 495.00
Emission Wavelength Changed: 07-Aug-24 11:27:10 AM, Old: 514.00, New: 515.00
Cycle Time 1 Changed: 07-Aug-24 11:27:10 AM, Old: 0.0000, New: 0.5000
Stop Time 1 Changed: 07-Aug-24 11:27:10 AM, Old: 3.0000, New: 1.0000
Emission PMT (V): Changed: 07-Aug-24 11:27:10 AM, Old: 550, New: 800
Wellplate Samples Changed: 07-Aug-24 11:27:10 AM, Old:A1;A2;A3;A4;A5;A6;A7;A8;A9;A10;A11;A12;B1;B2;B3;B4;B5;B6;B7;B8;B9;B10;B11;B12;C1;C2;C3;C4;C5;C6;C7;C8;C9;C10;C11;C12;D1;D2;D3;D4;D5;D6;D7;D8;D9;D10;D11;D12;E1;E2;E3;E4;E5;E6;E7;E8;E9;E10;E11;E12;F1;F2;F3;F4;F5;F6;F7;F8;F9;F10;F11;F12;G1;G2;G3;G4;G5;G6;G7;G8;G9;G10;G11;G12;H1;H2;H3;H4;H5;H6;H7;H8;H9;H10;H11;H12;, New:A1;A2;A3;A4;A5;A6;A7;A8;A12;
Autoconvert Changed: 07-Aug-24 11:32:56 AM, Old:Ascii, New:None
PMT Volts Changed: 07-Aug-24 11:33:42 AM, Old:800, New:600
Emission PMT (V): Changed: 07-Aug-24 11:33:42 AM, Old: 800, New: 600
Cycle Time 1 Changed: 07-Aug-24 11:36:03 AM, Old: 0.5000, New: 1.0000
Stop Time 1 Changed: 07-Aug-24 11:36:03 AM, Old: 1.0000, New:120.0000
End Method Modifications

Sample A7,
Sample A7
Collection Time: 07-Aug-24 11:40:28 AM
Operator Name  :
Kinetics Software Version: 1.2(146)
Parameter List :
Report Time: Wed 07 Aug 11:40:28 AM 2024
Software version: 1.2(146)
Operator:
Instrument Parameters
Instrument                        Cary Eclipse
Instrument Serial Number          MY18160001
Data mode                         Fluorescence
Ex. wavelength (nm)               495.00
Em. wavelength (nm)               515.00
Ex. Slit (nm)                     5
Em. Slit (nm)                     5
Averaging Time (s)                0.1000
Cycle time(min)                   1.0000
Stop time(min)                    120.0000
Emission filter                   Open
Excitation Filter                 Auto
PMT voltage (V)                   Medium
Wellplate                         ON
Plate format                     96 Wells
Read position                    Well centre
Multi-zero                       OFF
Auto-zero                        OFF
Well                            A1
Comments:
Method Log     :
Method Name    : C:\USERS\ADMIN\DESKTOP\TXC.FBKN
Date/Time stamp: 12-Jun-24 9:10:34 AM
Method Modifications:
Wellplate Overlay Mode Changed: 11-Jun-24 5:29:48 PM, Old:Individual, New:Choice 1
Wellplate Overlay Mode Changed: 11-Jun-24 5:29:48 PM, Old:Overlay all, New:Choice 2
Wellplate Overlay Mode Changed: 11-Jun-24 5:29:48 PM, Old:Overlay rows, New:Choice 3
Wellplate Overlay Mode Changed: 11-Jun-24 5:29:48 PM, Old:Overlay columns, New:Choice 4
Wellplate Overlay Mode Changed: 11-Jun-24 5:29:48 PM, Old:User defined, New:Overlay columns
PMT Volts Changed: 11-Jun-24 5:34:02 PM, Old:600, New:550
Well plate reader Changed: 11-Jun-24 5:34:02 PM, Old:OFF, New:ON
Autoconvert Changed: 11-Jun-24 5:34:02 PM, Old:None, New:Ascii
Excitation Wavelength Changed: 11-Jun-24 5:34:02 PM, Old: 400.00, New: 494.00
Emission Wavelength Changed: 11-Jun-24 5:34:02 PM, Old: 600.00, New: 514.00
Stop Time 1 Changed: 11-Jun-24 5:34:02 PM, Old: 1.0000, New:120.0000
Emission PMT (V): Changed: 11-Jun-24 5:34:02 PM, Old: 600, New: 550
Wellplate Samples Changed: 11-Jun-24 5:34:02 PM, Old:, New:A1;A2;A3;A4;A5;A6;A7;A8;A9;A10;A11;A12;B1;B2;B3;B4;B5;B6;B7;B8;B9;B10;B11;B12;C1;C2;C3;C4;C5;C6;C7;C8;C9;C10;C11;C12;D1;D2;D3;D4;D5;D6;D7;D8;D9;D10;D11;D12;E1;E2;E3;E4;E5;E6;E7;E8;E9;E10;E11;E12;F1;F2;F3;F4;F5;F6;F7;F8;F9;F10;F11;F12;G1;G2;G3;G4;G5;G6;G7;G8;G9;G10;G11;G12;H1;H2;H3;H4;H5;H6;H7;H8;H9;H10;H11;H12;
Stop Time 1 Changed: 12-Jun-24 8:47:35 AM, Old:120.0000, New: 3.0000
Current Method Changed: 07-Aug-24 11:26:20 AM, Old:C:\Users\admin\Desktop\txc.FBKN, New:C:\USERS\ADMIN\DESKTOP\TXC.FBKN
PMT Volts Changed: 07-Aug-24 11:27:10 AM, Old:550, New:800
Excitation Wavelength Changed: 07-Aug-24 11:27:10 AM, Old: 494.00, New: 495.00
Emission Wavelength Changed: 07-Aug-24 11:27:10 AM, Old: 514.00, New: 515.00
Cycle Time 1 Changed: 07-Aug-24 11:27:10 AM, Old: 0.0000, New: 0.5000
Stop Time 1 Changed: 07-Aug-24 11:27:10 AM, Old: 3.0000, New: 1.0000
Emission PMT (V): Changed: 07-Aug-24 11:27:10 AM, Old: 550, New: 800
Wellplate Samples Changed: 07-Aug-24 11:27:10 AM, Old:A1;A2;A3;A4;A5;A6;A7;A8;A9;A10;A11;A12;B1;B2;B3;B4;B5;B6;B7;B8;B9;B10;B11;B12;C1;C2;C3;C4;C5;C6;C7;C8;C9;C10;C11;C12;D1;D2;D3;D4;D5;D6;D7;D8;D9;D10;D11;D12;E1;E2;E3;E4;E5;E6;E7;E8;E9;E10;E11;E12;F1;F2;F3;F4;F5;F6;F7;F8;F9;F10;F11;F12;G1;G2;G3;G4;G5;G6;G7;G8;G9;G10;G11;G12;H1;H2;H3;H4;H5;H6;H7;H8;H9;H10;H11;H12;, New:A1;A2;A3;A4;A5;A6;A7;A8;A12;
Autoconvert Changed: 07-Aug-24 11:32:56 AM, Old:Ascii, New:None
PMT Volts Changed: 07-Aug-24 11:33:42 AM, Old:800, New:600
Emission PMT (V): Changed: 07-Aug-24 11:33:42 AM, Old: 800, New: 600
Cycle Time 1 Changed: 07-Aug-24 11:36:03 AM, Old: 0.5000, New: 1.0000
Stop Time 1 Changed: 07-Aug-24 11:36:03 AM, Old: 1.0000, New:120.0000
End Method Modifications

Sample A8,
Sample A8
Collection Time: 07-Aug-24 11:40:28 AM
Operator Name  :
Kinetics Software Version: 1.2(146)
Parameter List :
Report Time: Wed 07 Aug 11:40:28 AM 2024
Software version: 1.2(146)
Operator:
Instrument Parameters
Instrument                        Cary Eclipse
Instrument Serial Number          MY18160001
Data mode                         Fluorescence
Ex. wavelength (nm)               495.00
Em. wavelength (nm)               515.00
Ex. Slit (nm)                     5
Em. Slit (nm)                     5
Averaging Time (s)                0.1000
Cycle time(min)                   1.0000
Stop time(min)                    120.0000
Emission filter                   Open
Excitation Filter                 Auto
PMT voltage (V)                   Medium
Wellplate                         ON
Plate format                     96 Wells
Read position                    Well centre
Multi-zero                       OFF
Auto-zero                        OFF
Well                            A1
Comments:
Method Log     :
Method Name    : C:\USERS\ADMIN\DESKTOP\TXC.FBKN
Date/Time stamp: 12-Jun-24 9:10:34 AM
Method Modifications:
Wellplate Overlay Mode Changed: 11-Jun-24 5:29:48 PM, Old:Individual, New:Choice 1
Wellplate Overlay Mode Changed: 11-Jun-24 5:29:48 PM, Old:Overlay all, New:Choice 2
Wellplate Overlay Mode Changed: 11-Jun-24 5:29:48 PM, Old:Overlay rows, New:Choice 3
Wellplate Overlay Mode Changed: 11-Jun-24 5:29:48 PM, Old:Overlay columns, New:Choice 4
Wellplate Overlay Mode Changed: 11-Jun-24 5:29:48 PM, Old:User defined, New:Overlay columns
PMT Volts Changed: 11-Jun-24 5:34:02 PM, Old:600, New:550
Well plate reader Changed: 11-Jun-24 5:34:02 PM, Old:OFF, New:ON
Autoconvert Changed: 11-Jun-24 5:34:02 PM, Old:None, New:Ascii
Excitation Wavelength Changed: 11-Jun-24 5:34:02 PM, Old: 400.00, New: 494.00
Emission Wavelength Changed: 11-Jun-24 5:34:02 PM, Old: 600.00, New: 514.00
Stop Time 1 Changed: 11-Jun-24 5:34:02 PM, Old: 1.0000, New:120.0000
Emission PMT (V): Changed: 11-Jun-24 5:34:02 PM, Old: 600, New: 550
Wellplate Samples Changed: 11-Jun-24 5:34:02 PM, Old:, New:A1;A2;A3;A4;A5;A6;A7;A8;A9;A10;A11;A12;B1;B2;B3;B4;B5;B6;B7;B8;B9;B10;B11;B12;C1;C2;C3;C4;C5;C6;C7;C8;C9;C10;C11;C12;D1;D2;D3;D4;D5;D6;D7;D8;D9;D10;D11;D12;E1;E2;E3;E4;E5;E6;E7;E8;E9;E10;E11;E12;F1;F2;F3;F4;F5;F6;F7;F8;F9;F10;F11;F12;G1;G2;G3;G4;G5;G6;G7;G8;G9;G10;G11;G12;H1;H2;H3;H4;H5;H6;H7;H8;H9;H10;H11;H12;
Stop Time 1 Changed: 12-Jun-24 8:47:35 AM, Old:120.0000, New: 3.0000
Current Method Changed: 07-Aug-24 11:26:20 AM, Old:C:\Users\admin\Desktop\txc.FBKN, New:C:\USERS\ADMIN\DESKTOP\TXC.FBKN
PMT Volts Changed: 07-Aug-24 11:27:10 AM, Old:550, New:800
Excitation Wavelength Changed: 07-Aug-24 11:27:10 AM, Old: 494.00, New: 495.00
Emission Wavelength Changed: 07-Aug-24 11:27:10 AM, Old: 514.00, New: 515.00
Cycle Time 1 Changed: 07-Aug-24 11:27:10 AM, Old: 0.0000, New: 0.5000
Stop Time 1 Changed: 07-Aug-24 11:27:10 AM, Old: 3.0000, New: 1.0000
Emission PMT (V): Changed: 07-Aug-24 11:27:10 AM, Old: 550, New: 800
Wellplate Samples Changed: 07-Aug-24 11:27:10 AM, Old:A1;A2;A3;A4;A5;A6;A7;A8;A9;A10;A11;A12;B1;B2;B3;B4;B5;B6;B7;B8;B9;B10;B11;B12;C1;C2;C3;C4;C5;C6;C7;C8;C9;C10;C11;C12;D1;D2;D3;D4;D5;D6;D7;D8;D9;D10;D11;D12;E1;E2;E3;E4;E5;E6;E7;E8;E9;E10;E11;E12;F1;F2;F3;F4;F5;F6;F7;F8;F9;F10;F11;F12;G1;G2;G3;G4;G5;G6;G7;G8;G9;G10;G11;G12;H1;H2;H3;H4;H5;H6;H7;H8;H9;H10;H11;H12;, New:A1;A2;A3;A4;A5;A6;A7;A8;A12;
Autoconvert Changed: 07-Aug-24 11:32:56 AM, Old:Ascii, New:None
PMT Volts Changed: 07-Aug-24 11:33:42 AM, Old:800, New:600
Emission PMT (V): Changed: 07-Aug-24 11:33:42 AM, Old: 800, New: 600
Cycle Time 1 Changed: 07-Aug-24 11:36:03 AM, Old: 0.5000, New: 1.0000
Stop Time 1 Changed: 07-Aug-24 11:36:03 AM, Old: 1.0000, New:120.0000
End Method Modifications

Sample A12,
Sample A12
Collection Time: 07-Aug-24 11:40:28 AM
Operator Name  :
Kinetics Software Version: 1.2(146)
Parameter List :
Report Time: Wed 07 Aug 11:40:28 AM 2024
Software version: 1.2(146)
Operator:
Instrument Parameters
Instrument                        Cary Eclipse
Instrument Serial Number          MY18160001
Data mode                         Fluorescence
Ex. wavelength (nm)               495.00
Em. wavelength (nm)               515.00
Ex. Slit (nm)                     5
Em. Slit (nm)                     5
Averaging Time (s)                0.1000
Cycle time(min)                   1.0000
Stop time(min)                    120.0000
Emission filter                   Open
Excitation Filter                 Auto
PMT voltage (V)                   Medium
Wellplate                         ON
Plate format                     96 Wells
Read position                    Well centre
Multi-zero                       OFF
Auto-zero                        OFF
Well                            A1
Comments:
Method Log     :
Method Name    : C:\USERS\ADMIN\DESKTOP\TXC.FBKN
Date/Time stamp: 12-Jun-24 9:10:34 AM
Method Modifications:
Wellplate Overlay Mode Changed: 11-Jun-24 5:29:48 PM, Old:Individual, New:Choice 1
Wellplate Overlay Mode Changed: 11-Jun-24 5:29:48 PM, Old:Overlay all, New:Choice 2
Wellplate Overlay Mode Changed: 11-Jun-24 5:29:48 PM, Old:Overlay rows, New:Choice 3
Wellplate Overlay Mode Changed: 11-Jun-24 5:29:48 PM, Old:Overlay columns, New:Choice 4
Wellplate Overlay Mode Changed: 11-Jun-24 5:29:48 PM, Old:User defined, New:Overlay columns
PMT Volts Changed: 11-Jun-24 5:34:02 PM, Old:600, New:550
Well plate reader Changed: 11-Jun-24 5:34:02 PM, Old:OFF, New:ON
Autoconvert Changed: 11-Jun-24 5:34:02 PM, Old:None, New:Ascii
Excitation Wavelength Changed: 11-Jun-24 5:34:02 PM, Old: 400.00, New: 494.00
Emission Wavelength Changed: 11-Jun-24 5:34:02 PM, Old: 600.00, New: 514.00
Stop Time 1 Changed: 11-Jun-24 5:34:02 PM, Old: 1.0000, New:120.0000
Emission PMT (V): Changed: 11-Jun-24 5:34:02 PM, Old: 600, New: 550
Wellplate Samples Changed: 11-Jun-24 5:34:02 PM, Old:, New:A1;A2;A3;A4;A5;A6;A7;A8;A9;A10;A11;A12;B1;B2;B3;B4;B5;B6;B7;B8;B9;B10;B11;B12;C1;C2;C3;C4;C5;C6;C7;C8;C9;C10;C11;C12;D1;D2;D3;D4;D5;D6;D7;D8;D9;D10;D11;D12;E1;E2;E3;E4;E5;E6;E7;E8;E9;E10;E11;E12;F1;F2;F3;F4;F5;F6;F7;F8;F9;F10;F11;F12;G1;G2;G3;G4;G5;G6;G7;G8;G9;G10;G11;G12;H1;H2;H3;H4;H5;H6;H7;H8;H9;H10;H11;H12;
Stop Time 1 Changed: 12-Jun-24 8:47:35 AM, Old:120.0000, New: 3.0000
Current Method Changed: 07-Aug-24 11:26:20 AM, Old:C:\Users\admin\Desktop\txc.FBKN, New:C:\USERS\ADMIN\DESKTOP\TXC.FBKN
PMT Volts Changed: 07-Aug-24 11:27:10 AM, Old:550, New:800
Excitation Wavelength Changed: 07-Aug-24 11:27:10 AM, Old: 494.00, New: 495.00
Emission Wavelength Changed: 07-Aug-24 11:27:10 AM, Old: 514.00, New: 515.00
Cycle Time 1 Changed: 07-Aug-24 11:27:10 AM, Old: 0.0000, New: 0.5000
Stop Time 1 Changed: 07-Aug-24 11:27:10 AM, Old: 3.0000, New: 1.0000
Emission PMT (V): Changed: 07-Aug-24 11:27:10 AM, Old: 550, New: 800
Wellplate Samples Changed: 07-Aug-24 11:27:10 AM, Old:A1;A2;A3;A4;A5;A6;A7;A8;A9;A10;A11;A12;B1;B2;B3;B4;B5;B6;B7;B8;B9;B10;B11;B12;C1;C2;C3;C4;C5;C6;C7;C8;C9;C10;C11;C12;D1;D2;D3;D4;D5;D6;D7;D8;D9;D10;D11;D12;E1;E2;E3;E4;E5;E6;E7;E8;E9;E10;E11;E12;F1;F2;F3;F4;F5;F6;F7;F8;F9;F10;F11;F12;G1;G2;G3;G4;G5;G6;G7;G8;G9;G10;G11;G12;H1;H2;H3;H4;H5;H6;H7;H8;H9;H10;H11;H12;, New:A1;A2;A3;A4;A5;A6;A7;A8;A12;
Autoconvert Changed: 07-Aug-24 11:32:56 AM, Old:Ascii, New:None
PMT Volts Changed: 07-Aug-24 11:33:42 AM, Old:800, New:600
Emission PMT (V): Changed: 07-Aug-24 11:33:42 AM, Old: 800, New: 600
Cycle Time 1 Changed: 07-Aug-24 11:36:03 AM, Old: 0.5000, New: 1.0000
Stop Time 1 Changed: 07-Aug-24 11:36:03 AM, Old: 1.0000, New:120.0000
End Method Modifications

