Sample A1,,Sample A2,,Sample A3,,Sample A4,,Sample A5,,Sample A6,,Sample A7,,Sample A8,,Sample A9,,Sample B1,,Sample B2,,Sample B3,,Sample B4,,Sample B5,,Sample B6,,Sample B7,,Sample B8,,Sample B9,,Sample C1,,Sample C2,,Sample C3,,Sample C4,,Sample C5,,Sample C6,,Sample C7,,Sample C8,,Sample C9,,
Time (min),Intensity (a.u.),Time (min),Intensity (a.u.),Time (min),Intensity (a.u.),Time (min),Intensity (a.u.),Time (min),Intensity (a.u.),Time (min),Intensity (a.u.),Time (min),Intensity (a.u.),Time (min),Intensity (a.u.),Time (min),Intensity (a.u.),Time (min),Intensity (a.u.),Time (min),Intensity (a.u.),Time (min),Intensity (a.u.),Time (min),Intensity (a.u.),Time (min),Intensity (a.u.),Time (min),Intensity (a.u.),Time (min),Intensity (a.u.),Time (min),Intensity (a.u.),Time (min),Intensity (a.u.),Time (min),Intensity (a.u.),Time (min),Intensity (a.u.),Time (min),Intensity (a.u.),Time (min),Intensity (a.u.),Time (min),Intensity (a.u.),Time (min),Intensity (a.u.),Time (min),Intensity (a.u.),Time (min),Intensity (a.u.),Time (min),Intensity (a.u.),
0.0008333333535,716.0286865,0.0213333331,675.2386475,0.04212499782,652.9934082,0.06195833161,722.142334,0.08329166472,713.3146362,0.1037499979,746.2201538,0.1251250058,762.9692383,0.1457500011,819.4752808,0.166291669,776.7946167,0.3610000014,64.72545624,0.3403333426,67.00494385,0.3188124895,74.56555939,0.298333317,70.4903717,0.2769791484,69.67002106,0.256249994,83.81682587,0.2349999994,72.60545349,0.2137083411,70.70790863,0.1928125024,94.82432556,0.385833323,68.00875854,0.4067916572,63.35707855,0.4282916784,81.32025909,0.4490833282,70.19897461,0.4697499871,67.21224976,0.4909166694,81.66902161,0.5112499595,76.0371933,0.5325416327,75.49569702,0.5538749695,91.62963867,
0.6242083311,704.8236694,0.6453333497,692.1164551,0.6665000319,674.9945679,0.6876458526,731.515625,0.7080416083,712.9493408,0.7288124561,758.1043701,0.7497916818,771.510437,0.7714583278,795.5462646,0.7918958068,778.8900757,0.9862291813,66.20283508,0.9658125043,63.95989609,0.9449583292,76.70287323,0.9234583378,73.65937805,0.9032291174,67.8174057,0.88212502,82.05738068,0.8604583144,71.98674011,0.8399583101,70.65766907,0.8186458349,93.40126038,1.013124943,64.61079407,1.03412497,62.24472427,1.055124998,80.98406982,1.076124907,68.0684967,1.097458363,65.87268066,1.117979169,81.98386383,1.139125109,71.65670776,1.160145879,74.37281799,1.180625081,87.05052948,

Sample A1,
Sample A1
Collection Time: 16-May-24 1:01:55 PM
Operator Name  :
Kinetics Software Version: 1.2(146)
Parameter List :
Report Time: Thu 16 May 01:01:55 PM 2024
Software version: 1.2(146)
Operator:
Instrument Parameters
Instrument                        Cary Eclipse
Instrument Serial Number          MY18160001
Data mode                         Fluorescence
Ex. wavelength (nm)               495.00
Em. wavelength (nm)               515.00
Ex. Slit (nm)                     5
Em. Slit (nm)                     5
Averaging Time (s)                0.1000
Cycle time(min)                   0.5000
Stop time(min)                    2.0000
Emission filter                   Open
Excitation Filter                 Auto
PMT voltage (V)                   High
Wellplate                         ON
Plate format                     96 Wells
Read position                    Well centre
Multi-zero                       OFF
Auto-zero                        OFF
Well                            A1
Comments:
Method Log     :
Method Name    : Default
Date/Time stamp: 16-May-24 12:59:46 PM
Method Modifications:
Wellplate Overlay Mode Changed: 16-May-24 12:59:48 PM, Old:Individual, New:Choice 1
Wellplate Overlay Mode Changed: 16-May-24 12:59:48 PM, Old:Overlay all, New:Choice 2
Wellplate Overlay Mode Changed: 16-May-24 12:59:48 PM, Old:Overlay rows, New:Choice 3
Wellplate Overlay Mode Changed: 16-May-24 12:59:48 PM, Old:Overlay columns, New:Choice 4
Wellplate Overlay Mode Changed: 16-May-24 12:59:48 PM, Old:User defined, New:Overlay columns
Excitation Wavelength Changed: 16-May-24 1:00:32 PM, Old: 400.00, New: 495.00
Emission Wavelength Changed: 16-May-24 1:00:32 PM, Old: 600.00, New: 515.00
Cycle Time 1 Changed: 16-May-24 1:00:32 PM, Old: 0.0000, New: 0.5000
Stop Time 1 Changed: 16-May-24 1:00:32 PM, Old: 1.0000, New: 2.0000
Well plate reader Changed: 16-May-24 1:01:13 PM, Old:OFF, New:ON
Wellplate Samples Changed: 16-May-24 1:01:13 PM, Old:, New:A1;A2;A3;A4;A5;A6;A7;A8;A9;B1;B2;B3;B4;B5;B6;B7;B8;B9;C1;C2;C3;C4;C5;C6;C7;C8;C9;
PMT Volts Changed: 16-May-24 1:01:51 PM, Old:600, New:800
Emission PMT (V): Changed: 16-May-24 1:01:51 PM, Old: 600, New: 800
End Method Modifications

Sample A2,
Sample A2
Collection Time: 16-May-24 1:01:55 PM
Operator Name  :
Kinetics Software Version: 1.2(146)
Parameter List :
Report Time: Thu 16 May 01:01:55 PM 2024
Software version: 1.2(146)
Operator:
Instrument Parameters
Instrument                        Cary Eclipse
Instrument Serial Number          MY18160001
Data mode                         Fluorescence
Ex. wavelength (nm)               495.00
Em. wavelength (nm)               515.00
Ex. Slit (nm)                     5
Em. Slit (nm)                     5
Averaging Time (s)                0.1000
Cycle time(min)                   0.5000
Stop time(min)                    2.0000
Emission filter                   Open
Excitation Filter                 Auto
PMT voltage (V)                   High
Wellplate                         ON
Plate format                     96 Wells
Read position                    Well centre
Multi-zero                       OFF
Auto-zero                        OFF
Well                            A1
Comments:
Method Log     :
Method Name    : Default
Date/Time stamp: 16-May-24 12:59:46 PM
Method Modifications:
Wellplate Overlay Mode Changed: 16-May-24 12:59:48 PM, Old:Individual, New:Choice 1
Wellplate Overlay Mode Changed: 16-May-24 12:59:48 PM, Old:Overlay all, New:Choice 2
Wellplate Overlay Mode Changed: 16-May-24 12:59:48 PM, Old:Overlay rows, New:Choice 3
Wellplate Overlay Mode Changed: 16-May-24 12:59:48 PM, Old:Overlay columns, New:Choice 4
Wellplate Overlay Mode Changed: 16-May-24 12:59:48 PM, Old:User defined, New:Overlay columns
Excitation Wavelength Changed: 16-May-24 1:00:32 PM, Old: 400.00, New: 495.00
Emission Wavelength Changed: 16-May-24 1:00:32 PM, Old: 600.00, New: 515.00
Cycle Time 1 Changed: 16-May-24 1:00:32 PM, Old: 0.0000, New: 0.5000
Stop Time 1 Changed: 16-May-24 1:00:32 PM, Old: 1.0000, New: 2.0000
Well plate reader Changed: 16-May-24 1:01:13 PM, Old:OFF, New:ON
Wellplate Samples Changed: 16-May-24 1:01:13 PM, Old:, New:A1;A2;A3;A4;A5;A6;A7;A8;A9;B1;B2;B3;B4;B5;B6;B7;B8;B9;C1;C2;C3;C4;C5;C6;C7;C8;C9;
PMT Volts Changed: 16-May-24 1:01:51 PM, Old:600, New:800
Emission PMT (V): Changed: 16-May-24 1:01:51 PM, Old: 600, New: 800
End Method Modifications

Sample A3,
Sample A3
Collection Time: 16-May-24 1:01:55 PM
Operator Name  :
Kinetics Software Version: 1.2(146)
Parameter List :
Report Time: Thu 16 May 01:01:55 PM 2024
Software version: 1.2(146)
Operator:
Instrument Parameters
Instrument                        Cary Eclipse
Instrument Serial Number          MY18160001
Data mode                         Fluorescence
Ex. wavelength (nm)               495.00
Em. wavelength (nm)               515.00
Ex. Slit (nm)                     5
Em. Slit (nm)                     5
Averaging Time (s)                0.1000
Cycle time(min)                   0.5000
Stop time(min)                    2.0000
Emission filter                   Open
Excitation Filter                 Auto
PMT voltage (V)                   High
Wellplate                         ON
Plate format                     96 Wells
Read position                    Well centre
Multi-zero                       OFF
Auto-zero                        OFF
Well                            A1
Comments:
Method Log     :
Method Name    : Default
Date/Time stamp: 16-May-24 12:59:46 PM
Method Modifications:
Wellplate Overlay Mode Changed: 16-May-24 12:59:48 PM, Old:Individual, New:Choice 1
Wellplate Overlay Mode Changed: 16-May-24 12:59:48 PM, Old:Overlay all, New:Choice 2
Wellplate Overlay Mode Changed: 16-May-24 12:59:48 PM, Old:Overlay rows, New:Choice 3
Wellplate Overlay Mode Changed: 16-May-24 12:59:48 PM, Old:Overlay columns, New:Choice 4
Wellplate Overlay Mode Changed: 16-May-24 12:59:48 PM, Old:User defined, New:Overlay columns
Excitation Wavelength Changed: 16-May-24 1:00:32 PM, Old: 400.00, New: 495.00
Emission Wavelength Changed: 16-May-24 1:00:32 PM, Old: 600.00, New: 515.00
Cycle Time 1 Changed: 16-May-24 1:00:32 PM, Old: 0.0000, New: 0.5000
Stop Time 1 Changed: 16-May-24 1:00:32 PM, Old: 1.0000, New: 2.0000
Well plate reader Changed: 16-May-24 1:01:13 PM, Old:OFF, New:ON
Wellplate Samples Changed: 16-May-24 1:01:13 PM, Old:, New:A1;A2;A3;A4;A5;A6;A7;A8;A9;B1;B2;B3;B4;B5;B6;B7;B8;B9;C1;C2;C3;C4;C5;C6;C7;C8;C9;
PMT Volts Changed: 16-May-24 1:01:51 PM, Old:600, New:800
Emission PMT (V): Changed: 16-May-24 1:01:51 PM, Old: 600, New: 800
End Method Modifications

Sample A4,
Sample A4
Collection Time: 16-May-24 1:01:55 PM
Operator Name  :
Kinetics Software Version: 1.2(146)
Parameter List :
Report Time: Thu 16 May 01:01:55 PM 2024
Software version: 1.2(146)
Operator:
Instrument Parameters
Instrument                        Cary Eclipse
Instrument Serial Number          MY18160001
Data mode                         Fluorescence
Ex. wavelength (nm)               495.00
Em. wavelength (nm)               515.00
Ex. Slit (nm)                     5
Em. Slit (nm)                     5
Averaging Time (s)                0.1000
Cycle time(min)                   0.5000
Stop time(min)                    2.0000
Emission filter                   Open
Excitation Filter                 Auto
PMT voltage (V)                   High
Wellplate                         ON
Plate format                     96 Wells
Read position                    Well centre
Multi-zero                       OFF
Auto-zero                        OFF
Well                            A1
Comments:
Method Log     :
Method Name    : Default
Date/Time stamp: 16-May-24 12:59:46 PM
Method Modifications:
Wellplate Overlay Mode Changed: 16-May-24 12:59:48 PM, Old:Individual, New:Choice 1
Wellplate Overlay Mode Changed: 16-May-24 12:59:48 PM, Old:Overlay all, New:Choice 2
Wellplate Overlay Mode Changed: 16-May-24 12:59:48 PM, Old:Overlay rows, New:Choice 3
Wellplate Overlay Mode Changed: 16-May-24 12:59:48 PM, Old:Overlay columns, New:Choice 4
Wellplate Overlay Mode Changed: 16-May-24 12:59:48 PM, Old:User defined, New:Overlay columns
Excitation Wavelength Changed: 16-May-24 1:00:32 PM, Old: 400.00, New: 495.00
Emission Wavelength Changed: 16-May-24 1:00:32 PM, Old: 600.00, New: 515.00
Cycle Time 1 Changed: 16-May-24 1:00:32 PM, Old: 0.0000, New: 0.5000
Stop Time 1 Changed: 16-May-24 1:00:32 PM, Old: 1.0000, New: 2.0000
Well plate reader Changed: 16-May-24 1:01:13 PM, Old:OFF, New:ON
Wellplate Samples Changed: 16-May-24 1:01:13 PM, Old:, New:A1;A2;A3;A4;A5;A6;A7;A8;A9;B1;B2;B3;B4;B5;B6;B7;B8;B9;C1;C2;C3;C4;C5;C6;C7;C8;C9;
PMT Volts Changed: 16-May-24 1:01:51 PM, Old:600, New:800
Emission PMT (V): Changed: 16-May-24 1:01:51 PM, Old: 600, New: 800
End Method Modifications

Sample A5,
Sample A5
Collection Time: 16-May-24 1:01:55 PM
Operator Name  :
Kinetics Software Version: 1.2(146)
Parameter List :
Report Time: Thu 16 May 01:01:55 PM 2024
Software version: 1.2(146)
Operator:
Instrument Parameters
Instrument                        Cary Eclipse
Instrument Serial Number          MY18160001
Data mode                         Fluorescence
Ex. wavelength (nm)               495.00
Em. wavelength (nm)               515.00
Ex. Slit (nm)                     5
Em. Slit (nm)                     5
Averaging Time (s)                0.1000
Cycle time(min)                   0.5000
Stop time(min)                    2.0000
Emission filter                   Open
Excitation Filter                 Auto
PMT voltage (V)                   High
Wellplate                         ON
Plate format                     96 Wells
Read position                    Well centre
Multi-zero                       OFF
Auto-zero                        OFF
Well                            A1
Comments:
Method Log     :
Method Name    : Default
Date/Time stamp: 16-May-24 12:59:46 PM
Method Modifications:
Wellplate Overlay Mode Changed: 16-May-24 12:59:48 PM, Old:Individual, New:Choice 1
Wellplate Overlay Mode Changed: 16-May-24 12:59:48 PM, Old:Overlay all, New:Choice 2
Wellplate Overlay Mode Changed: 16-May-24 12:59:48 PM, Old:Overlay rows, New:Choice 3
Wellplate Overlay Mode Changed: 16-May-24 12:59:48 PM, Old:Overlay columns, New:Choice 4
Wellplate Overlay Mode Changed: 16-May-24 12:59:48 PM, Old:User defined, New:Overlay columns
Excitation Wavelength Changed: 16-May-24 1:00:32 PM, Old: 400.00, New: 495.00
Emission Wavelength Changed: 16-May-24 1:00:32 PM, Old: 600.00, New: 515.00
Cycle Time 1 Changed: 16-May-24 1:00:32 PM, Old: 0.0000, New: 0.5000
Stop Time 1 Changed: 16-May-24 1:00:32 PM, Old: 1.0000, New: 2.0000
Well plate reader Changed: 16-May-24 1:01:13 PM, Old:OFF, New:ON
Wellplate Samples Changed: 16-May-24 1:01:13 PM, Old:, New:A1;A2;A3;A4;A5;A6;A7;A8;A9;B1;B2;B3;B4;B5;B6;B7;B8;B9;C1;C2;C3;C4;C5;C6;C7;C8;C9;
PMT Volts Changed: 16-May-24 1:01:51 PM, Old:600, New:800
Emission PMT (V): Changed: 16-May-24 1:01:51 PM, Old: 600, New: 800
End Method Modifications

Sample A6,
Sample A6
Collection Time: 16-May-24 1:01:55 PM
Operator Name  :
Kinetics Software Version: 1.2(146)
Parameter List :
Report Time: Thu 16 May 01:01:55 PM 2024
Software version: 1.2(146)
Operator:
Instrument Parameters
Instrument                        Cary Eclipse
Instrument Serial Number          MY18160001
Data mode                         Fluorescence
Ex. wavelength (nm)               495.00
Em. wavelength (nm)               515.00
Ex. Slit (nm)                     5
Em. Slit (nm)                     5
Averaging Time (s)                0.1000
Cycle time(min)                   0.5000
Stop time(min)                    2.0000
Emission filter                   Open
Excitation Filter                 Auto
PMT voltage (V)                   High
Wellplate                         ON
Plate format                     96 Wells
Read position                    Well centre
Multi-zero                       OFF
Auto-zero                        OFF
Well                            A1
Comments:
Method Log     :
Method Name    : Default
Date/Time stamp: 16-May-24 12:59:46 PM
Method Modifications:
Wellplate Overlay Mode Changed: 16-May-24 12:59:48 PM, Old:Individual, New:Choice 1
Wellplate Overlay Mode Changed: 16-May-24 12:59:48 PM, Old:Overlay all, New:Choice 2
Wellplate Overlay Mode Changed: 16-May-24 12:59:48 PM, Old:Overlay rows, New:Choice 3
Wellplate Overlay Mode Changed: 16-May-24 12:59:48 PM, Old:Overlay columns, New:Choice 4
Wellplate Overlay Mode Changed: 16-May-24 12:59:48 PM, Old:User defined, New:Overlay columns
Excitation Wavelength Changed: 16-May-24 1:00:32 PM, Old: 400.00, New: 495.00
Emission Wavelength Changed: 16-May-24 1:00:32 PM, Old: 600.00, New: 515.00
Cycle Time 1 Changed: 16-May-24 1:00:32 PM, Old: 0.0000, New: 0.5000
Stop Time 1 Changed: 16-May-24 1:00:32 PM, Old: 1.0000, New: 2.0000
Well plate reader Changed: 16-May-24 1:01:13 PM, Old:OFF, New:ON
Wellplate Samples Changed: 16-May-24 1:01:13 PM, Old:, New:A1;A2;A3;A4;A5;A6;A7;A8;A9;B1;B2;B3;B4;B5;B6;B7;B8;B9;C1;C2;C3;C4;C5;C6;C7;C8;C9;
PMT Volts Changed: 16-May-24 1:01:51 PM, Old:600, New:800
Emission PMT (V): Changed: 16-May-24 1:01:51 PM, Old: 600, New: 800
End Method Modifications

Sample A7,
Sample A7
Collection Time: 16-May-24 1:01:55 PM
Operator Name  :
Kinetics Software Version: 1.2(146)
Parameter List :
Report Time: Thu 16 May 01:01:55 PM 2024
Software version: 1.2(146)
Operator:
Instrument Parameters
Instrument                        Cary Eclipse
Instrument Serial Number          MY18160001
Data mode                         Fluorescence
Ex. wavelength (nm)               495.00
Em. wavelength (nm)               515.00
Ex. Slit (nm)                     5
Em. Slit (nm)                     5
Averaging Time (s)                0.1000
Cycle time(min)                   0.5000
Stop time(min)                    2.0000
Emission filter                   Open
Excitation Filter                 Auto
PMT voltage (V)                   High
Wellplate                         ON
Plate format                     96 Wells
Read position                    Well centre
Multi-zero                       OFF
Auto-zero                        OFF
Well                            A1
Comments:
Method Log     :
Method Name    : Default
Date/Time stamp: 16-May-24 12:59:46 PM
Method Modifications:
Wellplate Overlay Mode Changed: 16-May-24 12:59:48 PM, Old:Individual, New:Choice 1
Wellplate Overlay Mode Changed: 16-May-24 12:59:48 PM, Old:Overlay all, New:Choice 2
Wellplate Overlay Mode Changed: 16-May-24 12:59:48 PM, Old:Overlay rows, New:Choice 3
Wellplate Overlay Mode Changed: 16-May-24 12:59:48 PM, Old:Overlay columns, New:Choice 4
Wellplate Overlay Mode Changed: 16-May-24 12:59:48 PM, Old:User defined, New:Overlay columns
Excitation Wavelength Changed: 16-May-24 1:00:32 PM, Old: 400.00, New: 495.00
Emission Wavelength Changed: 16-May-24 1:00:32 PM, Old: 600.00, New: 515.00
Cycle Time 1 Changed: 16-May-24 1:00:32 PM, Old: 0.0000, New: 0.5000
Stop Time 1 Changed: 16-May-24 1:00:32 PM, Old: 1.0000, New: 2.0000
Well plate reader Changed: 16-May-24 1:01:13 PM, Old:OFF, New:ON
Wellplate Samples Changed: 16-May-24 1:01:13 PM, Old:, New:A1;A2;A3;A4;A5;A6;A7;A8;A9;B1;B2;B3;B4;B5;B6;B7;B8;B9;C1;C2;C3;C4;C5;C6;C7;C8;C9;
PMT Volts Changed: 16-May-24 1:01:51 PM, Old:600, New:800
Emission PMT (V): Changed: 16-May-24 1:01:51 PM, Old: 600, New: 800
End Method Modifications

Sample A8,
Sample A8
Collection Time: 16-May-24 1:01:55 PM
Operator Name  :
Kinetics Software Version: 1.2(146)
Parameter List :
Report Time: Thu 16 May 01:01:55 PM 2024
Software version: 1.2(146)
Operator:
Instrument Parameters
Instrument                        Cary Eclipse
Instrument Serial Number          MY18160001
Data mode                         Fluorescence
Ex. wavelength (nm)               495.00
Em. wavelength (nm)               515.00
Ex. Slit (nm)                     5
Em. Slit (nm)                     5
Averaging Time (s)                0.1000
Cycle time(min)                   0.5000
Stop time(min)                    2.0000
Emission filter                   Open
Excitation Filter                 Auto
PMT voltage (V)                   High
Wellplate                         ON
Plate format                     96 Wells
Read position                    Well centre
Multi-zero                       OFF
Auto-zero                        OFF
Well                            A1
Comments:
Method Log     :
Method Name    : Default
Date/Time stamp: 16-May-24 12:59:46 PM
Method Modifications:
Wellplate Overlay Mode Changed: 16-May-24 12:59:48 PM, Old:Individual, New:Choice 1
Wellplate Overlay Mode Changed: 16-May-24 12:59:48 PM, Old:Overlay all, New:Choice 2
Wellplate Overlay Mode Changed: 16-May-24 12:59:48 PM, Old:Overlay rows, New:Choice 3
Wellplate Overlay Mode Changed: 16-May-24 12:59:48 PM, Old:Overlay columns, New:Choice 4
Wellplate Overlay Mode Changed: 16-May-24 12:59:48 PM, Old:User defined, New:Overlay columns
Excitation Wavelength Changed: 16-May-24 1:00:32 PM, Old: 400.00, New: 495.00
Emission Wavelength Changed: 16-May-24 1:00:32 PM, Old: 600.00, New: 515.00
Cycle Time 1 Changed: 16-May-24 1:00:32 PM, Old: 0.0000, New: 0.5000
Stop Time 1 Changed: 16-May-24 1:00:32 PM, Old: 1.0000, New: 2.0000
Well plate reader Changed: 16-May-24 1:01:13 PM, Old:OFF, New:ON
Wellplate Samples Changed: 16-May-24 1:01:13 PM, Old:, New:A1;A2;A3;A4;A5;A6;A7;A8;A9;B1;B2;B3;B4;B5;B6;B7;B8;B9;C1;C2;C3;C4;C5;C6;C7;C8;C9;
PMT Volts Changed: 16-May-24 1:01:51 PM, Old:600, New:800
Emission PMT (V): Changed: 16-May-24 1:01:51 PM, Old: 600, New: 800
End Method Modifications

Sample A9,
Sample A9
Collection Time: 16-May-24 1:01:55 PM
Operator Name  :
Kinetics Software Version: 1.2(146)
Parameter List :
Report Time: Thu 16 May 01:01:55 PM 2024
Software version: 1.2(146)
Operator:
Instrument Parameters
Instrument                        Cary Eclipse
Instrument Serial Number          MY18160001
Data mode                         Fluorescence
Ex. wavelength (nm)               495.00
Em. wavelength (nm)               515.00
Ex. Slit (nm)                     5
Em. Slit (nm)                     5
Averaging Time (s)                0.1000
Cycle time(min)                   0.5000
Stop time(min)                    2.0000
Emission filter                   Open
Excitation Filter                 Auto
PMT voltage (V)                   High
Wellplate                         ON
Plate format                     96 Wells
Read position                    Well centre
Multi-zero                       OFF
Auto-zero                        OFF
Well                            A1
Comments:
Method Log     :
Method Name    : Default
Date/Time stamp: 16-May-24 12:59:46 PM
Method Modifications:
Wellplate Overlay Mode Changed: 16-May-24 12:59:48 PM, Old:Individual, New:Choice 1
Wellplate Overlay Mode Changed: 16-May-24 12:59:48 PM, Old:Overlay all, New:Choice 2
Wellplate Overlay Mode Changed: 16-May-24 12:59:48 PM, Old:Overlay rows, New:Choice 3
Wellplate Overlay Mode Changed: 16-May-24 12:59:48 PM, Old:Overlay columns, New:Choice 4
Wellplate Overlay Mode Changed: 16-May-24 12:59:48 PM, Old:User defined, New:Overlay columns
Excitation Wavelength Changed: 16-May-24 1:00:32 PM, Old: 400.00, New: 495.00
Emission Wavelength Changed: 16-May-24 1:00:32 PM, Old: 600.00, New: 515.00
Cycle Time 1 Changed: 16-May-24 1:00:32 PM, Old: 0.0000, New: 0.5000
Stop Time 1 Changed: 16-May-24 1:00:32 PM, Old: 1.0000, New: 2.0000
Well plate reader Changed: 16-May-24 1:01:13 PM, Old:OFF, New:ON
Wellplate Samples Changed: 16-May-24 1:01:13 PM, Old:, New:A1;A2;A3;A4;A5;A6;A7;A8;A9;B1;B2;B3;B4;B5;B6;B7;B8;B9;C1;C2;C3;C4;C5;C6;C7;C8;C9;
PMT Volts Changed: 16-May-24 1:01:51 PM, Old:600, New:800
Emission PMT (V): Changed: 16-May-24 1:01:51 PM, Old: 600, New: 800
End Method Modifications

Sample B1,
Sample B1
Collection Time: 16-May-24 1:01:55 PM
Operator Name  :
Kinetics Software Version: 1.2(146)
Parameter List :
Report Time: Thu 16 May 01:01:55 PM 2024
Software version: 1.2(146)
Operator:
Instrument Parameters
Instrument                        Cary Eclipse
Instrument Serial Number          MY18160001
Data mode                         Fluorescence
Ex. wavelength (nm)               495.00
Em. wavelength (nm)               515.00
Ex. Slit (nm)                     5
Em. Slit (nm)                     5
Averaging Time (s)                0.1000
Cycle time(min)                   0.5000
Stop time(min)                    2.0000
Emission filter                   Open
Excitation Filter                 Auto
PMT voltage (V)                   High
Wellplate                         ON
Plate format                     96 Wells
Read position                    Well centre
Multi-zero                       OFF
Auto-zero                        OFF
Well                            A1
Comments:
Method Log     :
Method Name    : Default
Date/Time stamp: 16-May-24 12:59:46 PM
Method Modifications:
Wellplate Overlay Mode Changed: 16-May-24 12:59:48 PM, Old:Individual, New:Choice 1
Wellplate Overlay Mode Changed: 16-May-24 12:59:48 PM, Old:Overlay all, New:Choice 2
Wellplate Overlay Mode Changed: 16-May-24 12:59:48 PM, Old:Overlay rows, New:Choice 3
Wellplate Overlay Mode Changed: 16-May-24 12:59:48 PM, Old:Overlay columns, New:Choice 4
Wellplate Overlay Mode Changed: 16-May-24 12:59:48 PM, Old:User defined, New:Overlay columns
Excitation Wavelength Changed: 16-May-24 1:00:32 PM, Old: 400.00, New: 495.00
Emission Wavelength Changed: 16-May-24 1:00:32 PM, Old: 600.00, New: 515.00
Cycle Time 1 Changed: 16-May-24 1:00:32 PM, Old: 0.0000, New: 0.5000
Stop Time 1 Changed: 16-May-24 1:00:32 PM, Old: 1.0000, New: 2.0000
Well plate reader Changed: 16-May-24 1:01:13 PM, Old:OFF, New:ON
Wellplate Samples Changed: 16-May-24 1:01:13 PM, Old:, New:A1;A2;A3;A4;A5;A6;A7;A8;A9;B1;B2;B3;B4;B5;B6;B7;B8;B9;C1;C2;C3;C4;C5;C6;C7;C8;C9;
PMT Volts Changed: 16-May-24 1:01:51 PM, Old:600, New:800
Emission PMT (V): Changed: 16-May-24 1:01:51 PM, Old: 600, New: 800
End Method Modifications

Sample B2,
Sample B2
Collection Time: 16-May-24 1:01:55 PM
Operator Name  :
Kinetics Software Version: 1.2(146)
Parameter List :
Report Time: Thu 16 May 01:01:55 PM 2024
Software version: 1.2(146)
Operator:
Instrument Parameters
Instrument                        Cary Eclipse
Instrument Serial Number          MY18160001
Data mode                         Fluorescence
Ex. wavelength (nm)               495.00
Em. wavelength (nm)               515.00
Ex. Slit (nm)                     5
Em. Slit (nm)                     5
Averaging Time (s)                0.1000
Cycle time(min)                   0.5000
Stop time(min)                    2.0000
Emission filter                   Open
Excitation Filter                 Auto
PMT voltage (V)                   High
Wellplate                         ON
Plate format                     96 Wells
Read position                    Well centre
Multi-zero                       OFF
Auto-zero                        OFF
Well                            A1
Comments:
Method Log     :
Method Name    : Default
Date/Time stamp: 16-May-24 12:59:46 PM
Method Modifications:
Wellplate Overlay Mode Changed: 16-May-24 12:59:48 PM, Old:Individual, New:Choice 1
Wellplate Overlay Mode Changed: 16-May-24 12:59:48 PM, Old:Overlay all, New:Choice 2
Wellplate Overlay Mode Changed: 16-May-24 12:59:48 PM, Old:Overlay rows, New:Choice 3
Wellplate Overlay Mode Changed: 16-May-24 12:59:48 PM, Old:Overlay columns, New:Choice 4
Wellplate Overlay Mode Changed: 16-May-24 12:59:48 PM, Old:User defined, New:Overlay columns
Excitation Wavelength Changed: 16-May-24 1:00:32 PM, Old: 400.00, New: 495.00
Emission Wavelength Changed: 16-May-24 1:00:32 PM, Old: 600.00, New: 515.00
Cycle Time 1 Changed: 16-May-24 1:00:32 PM, Old: 0.0000, New: 0.5000
Stop Time 1 Changed: 16-May-24 1:00:32 PM, Old: 1.0000, New: 2.0000
Well plate reader Changed: 16-May-24 1:01:13 PM, Old:OFF, New:ON
Wellplate Samples Changed: 16-May-24 1:01:13 PM, Old:, New:A1;A2;A3;A4;A5;A6;A7;A8;A9;B1;B2;B3;B4;B5;B6;B7;B8;B9;C1;C2;C3;C4;C5;C6;C7;C8;C9;
PMT Volts Changed: 16-May-24 1:01:51 PM, Old:600, New:800
Emission PMT (V): Changed: 16-May-24 1:01:51 PM, Old: 600, New: 800
End Method Modifications

Sample B3,
Sample B3
Collection Time: 16-May-24 1:01:55 PM
Operator Name  :
Kinetics Software Version: 1.2(146)
Parameter List :
Report Time: Thu 16 May 01:01:55 PM 2024
Software version: 1.2(146)
Operator:
Instrument Parameters
Instrument                        Cary Eclipse
Instrument Serial Number          MY18160001
Data mode                         Fluorescence
Ex. wavelength (nm)               495.00
Em. wavelength (nm)               515.00
Ex. Slit (nm)                     5
Em. Slit (nm)                     5
Averaging Time (s)                0.1000
Cycle time(min)                   0.5000
Stop time(min)                    2.0000
Emission filter                   Open
Excitation Filter                 Auto
PMT voltage (V)                   High
Wellplate                         ON
Plate format                     96 Wells
Read position                    Well centre
Multi-zero                       OFF
Auto-zero                        OFF
Well                            A1
Comments:
Method Log     :
Method Name    : Default
Date/Time stamp: 16-May-24 12:59:46 PM
Method Modifications:
Wellplate Overlay Mode Changed: 16-May-24 12:59:48 PM, Old:Individual, New:Choice 1
Wellplate Overlay Mode Changed: 16-May-24 12:59:48 PM, Old:Overlay all, New:Choice 2
Wellplate Overlay Mode Changed: 16-May-24 12:59:48 PM, Old:Overlay rows, New:Choice 3
Wellplate Overlay Mode Changed: 16-May-24 12:59:48 PM, Old:Overlay columns, New:Choice 4
Wellplate Overlay Mode Changed: 16-May-24 12:59:48 PM, Old:User defined, New:Overlay columns
Excitation Wavelength Changed: 16-May-24 1:00:32 PM, Old: 400.00, New: 495.00
Emission Wavelength Changed: 16-May-24 1:00:32 PM, Old: 600.00, New: 515.00
Cycle Time 1 Changed: 16-May-24 1:00:32 PM, Old: 0.0000, New: 0.5000
Stop Time 1 Changed: 16-May-24 1:00:32 PM, Old: 1.0000, New: 2.0000
Well plate reader Changed: 16-May-24 1:01:13 PM, Old:OFF, New:ON
Wellplate Samples Changed: 16-May-24 1:01:13 PM, Old:, New:A1;A2;A3;A4;A5;A6;A7;A8;A9;B1;B2;B3;B4;B5;B6;B7;B8;B9;C1;C2;C3;C4;C5;C6;C7;C8;C9;
PMT Volts Changed: 16-May-24 1:01:51 PM, Old:600, New:800
Emission PMT (V): Changed: 16-May-24 1:01:51 PM, Old: 600, New: 800
End Method Modifications

Sample B4,
Sample B4
Collection Time: 16-May-24 1:01:55 PM
Operator Name  :
Kinetics Software Version: 1.2(146)
Parameter List :
Report Time: Thu 16 May 01:01:55 PM 2024
Software version: 1.2(146)
Operator:
Instrument Parameters
Instrument                        Cary Eclipse
Instrument Serial Number          MY18160001
Data mode                         Fluorescence
Ex. wavelength (nm)               495.00
Em. wavelength (nm)               515.00
Ex. Slit (nm)                     5
Em. Slit (nm)                     5
Averaging Time (s)                0.1000
Cycle time(min)                   0.5000
Stop time(min)                    2.0000
Emission filter                   Open
Excitation Filter                 Auto
PMT voltage (V)                   High
Wellplate                         ON
Plate format                     96 Wells
Read position                    Well centre
Multi-zero                       OFF
Auto-zero                        OFF
Well                            A1
Comments:
Method Log     :
Method Name    : Default
Date/Time stamp: 16-May-24 12:59:46 PM
Method Modifications:
Wellplate Overlay Mode Changed: 16-May-24 12:59:48 PM, Old:Individual, New:Choice 1
Wellplate Overlay Mode Changed: 16-May-24 12:59:48 PM, Old:Overlay all, New:Choice 2
Wellplate Overlay Mode Changed: 16-May-24 12:59:48 PM, Old:Overlay rows, New:Choice 3
Wellplate Overlay Mode Changed: 16-May-24 12:59:48 PM, Old:Overlay columns, New:Choice 4
Wellplate Overlay Mode Changed: 16-May-24 12:59:48 PM, Old:User defined, New:Overlay columns
Excitation Wavelength Changed: 16-May-24 1:00:32 PM, Old: 400.00, New: 495.00
Emission Wavelength Changed: 16-May-24 1:00:32 PM, Old: 600.00, New: 515.00
Cycle Time 1 Changed: 16-May-24 1:00:32 PM, Old: 0.0000, New: 0.5000
Stop Time 1 Changed: 16-May-24 1:00:32 PM, Old: 1.0000, New: 2.0000
Well plate reader Changed: 16-May-24 1:01:13 PM, Old:OFF, New:ON
Wellplate Samples Changed: 16-May-24 1:01:13 PM, Old:, New:A1;A2;A3;A4;A5;A6;A7;A8;A9;B1;B2;B3;B4;B5;B6;B7;B8;B9;C1;C2;C3;C4;C5;C6;C7;C8;C9;
PMT Volts Changed: 16-May-24 1:01:51 PM, Old:600, New:800
Emission PMT (V): Changed: 16-May-24 1:01:51 PM, Old: 600, New: 800
End Method Modifications

Sample B5,
Sample B5
Collection Time: 16-May-24 1:01:55 PM
Operator Name  :
Kinetics Software Version: 1.2(146)
Parameter List :
Report Time: Thu 16 May 01:01:55 PM 2024
Software version: 1.2(146)
Operator:
Instrument Parameters
Instrument                        Cary Eclipse
Instrument Serial Number          MY18160001
Data mode                         Fluorescence
Ex. wavelength (nm)               495.00
Em. wavelength (nm)               515.00
Ex. Slit (nm)                     5
Em. Slit (nm)                     5
Averaging Time (s)                0.1000
Cycle time(min)                   0.5000
Stop time(min)                    2.0000
Emission filter                   Open
Excitation Filter                 Auto
PMT voltage (V)                   High
Wellplate                         ON
Plate format                     96 Wells
Read position                    Well centre
Multi-zero                       OFF
Auto-zero                        OFF
Well                            A1
Comments:
Method Log     :
Method Name    : Default
Date/Time stamp: 16-May-24 12:59:46 PM
Method Modifications:
Wellplate Overlay Mode Changed: 16-May-24 12:59:48 PM, Old:Individual, New:Choice 1
Wellplate Overlay Mode Changed: 16-May-24 12:59:48 PM, Old:Overlay all, New:Choice 2
Wellplate Overlay Mode Changed: 16-May-24 12:59:48 PM, Old:Overlay rows, New:Choice 3
Wellplate Overlay Mode Changed: 16-May-24 12:59:48 PM, Old:Overlay columns, New:Choice 4
Wellplate Overlay Mode Changed: 16-May-24 12:59:48 PM, Old:User defined, New:Overlay columns
Excitation Wavelength Changed: 16-May-24 1:00:32 PM, Old: 400.00, New: 495.00
Emission Wavelength Changed: 16-May-24 1:00:32 PM, Old: 600.00, New: 515.00
Cycle Time 1 Changed: 16-May-24 1:00:32 PM, Old: 0.0000, New: 0.5000
Stop Time 1 Changed: 16-May-24 1:00:32 PM, Old: 1.0000, New: 2.0000
Well plate reader Changed: 16-May-24 1:01:13 PM, Old:OFF, New:ON
Wellplate Samples Changed: 16-May-24 1:01:13 PM, Old:, New:A1;A2;A3;A4;A5;A6;A7;A8;A9;B1;B2;B3;B4;B5;B6;B7;B8;B9;C1;C2;C3;C4;C5;C6;C7;C8;C9;
PMT Volts Changed: 16-May-24 1:01:51 PM, Old:600, New:800
Emission PMT (V): Changed: 16-May-24 1:01:51 PM, Old: 600, New: 800
End Method Modifications

Sample B6,
Sample B6
Collection Time: 16-May-24 1:01:55 PM
Operator Name  :
Kinetics Software Version: 1.2(146)
Parameter List :
Report Time: Thu 16 May 01:01:55 PM 2024
Software version: 1.2(146)
Operator:
Instrument Parameters
Instrument                        Cary Eclipse
Instrument Serial Number          MY18160001
Data mode                         Fluorescence
Ex. wavelength (nm)               495.00
Em. wavelength (nm)               515.00
Ex. Slit (nm)                     5
Em. Slit (nm)                     5
Averaging Time (s)                0.1000
Cycle time(min)                   0.5000
Stop time(min)                    2.0000
Emission filter                   Open
Excitation Filter                 Auto
PMT voltage (V)                   High
Wellplate                         ON
Plate format                     96 Wells
Read position                    Well centre
Multi-zero                       OFF
Auto-zero                        OFF
Well                            A1
Comments:
Method Log     :
Method Name    : Default
Date/Time stamp: 16-May-24 12:59:46 PM
Method Modifications:
Wellplate Overlay Mode Changed: 16-May-24 12:59:48 PM, Old:Individual, New:Choice 1
Wellplate Overlay Mode Changed: 16-May-24 12:59:48 PM, Old:Overlay all, New:Choice 2
Wellplate Overlay Mode Changed: 16-May-24 12:59:48 PM, Old:Overlay rows, New:Choice 3
Wellplate Overlay Mode Changed: 16-May-24 12:59:48 PM, Old:Overlay columns, New:Choice 4
Wellplate Overlay Mode Changed: 16-May-24 12:59:48 PM, Old:User defined, New:Overlay columns
Excitation Wavelength Changed: 16-May-24 1:00:32 PM, Old: 400.00, New: 495.00
Emission Wavelength Changed: 16-May-24 1:00:32 PM, Old: 600.00, New: 515.00
Cycle Time 1 Changed: 16-May-24 1:00:32 PM, Old: 0.0000, New: 0.5000
Stop Time 1 Changed: 16-May-24 1:00:32 PM, Old: 1.0000, New: 2.0000
Well plate reader Changed: 16-May-24 1:01:13 PM, Old:OFF, New:ON
Wellplate Samples Changed: 16-May-24 1:01:13 PM, Old:, New:A1;A2;A3;A4;A5;A6;A7;A8;A9;B1;B2;B3;B4;B5;B6;B7;B8;B9;C1;C2;C3;C4;C5;C6;C7;C8;C9;
PMT Volts Changed: 16-May-24 1:01:51 PM, Old:600, New:800
Emission PMT (V): Changed: 16-May-24 1:01:51 PM, Old: 600, New: 800
End Method Modifications

Sample B7,
Sample B7
Collection Time: 16-May-24 1:01:55 PM
Operator Name  :
Kinetics Software Version: 1.2(146)
Parameter List :
Report Time: Thu 16 May 01:01:55 PM 2024
Software version: 1.2(146)
Operator:
Instrument Parameters
Instrument                        Cary Eclipse
Instrument Serial Number          MY18160001
Data mode                         Fluorescence
Ex. wavelength (nm)               495.00
Em. wavelength (nm)               515.00
Ex. Slit (nm)                     5
Em. Slit (nm)                     5
Averaging Time (s)                0.1000
Cycle time(min)                   0.5000
Stop time(min)                    2.0000
Emission filter                   Open
Excitation Filter                 Auto
PMT voltage (V)                   High
Wellplate                         ON
Plate format                     96 Wells
Read position                    Well centre
Multi-zero                       OFF
Auto-zero                        OFF
Well                            A1
Comments:
Method Log     :
Method Name    : Default
Date/Time stamp: 16-May-24 12:59:46 PM
Method Modifications:
Wellplate Overlay Mode Changed: 16-May-24 12:59:48 PM, Old:Individual, New:Choice 1
Wellplate Overlay Mode Changed: 16-May-24 12:59:48 PM, Old:Overlay all, New:Choice 2
Wellplate Overlay Mode Changed: 16-May-24 12:59:48 PM, Old:Overlay rows, New:Choice 3
Wellplate Overlay Mode Changed: 16-May-24 12:59:48 PM, Old:Overlay columns, New:Choice 4
Wellplate Overlay Mode Changed: 16-May-24 12:59:48 PM, Old:User defined, New:Overlay columns
Excitation Wavelength Changed: 16-May-24 1:00:32 PM, Old: 400.00, New: 495.00
Emission Wavelength Changed: 16-May-24 1:00:32 PM, Old: 600.00, New: 515.00
Cycle Time 1 Changed: 16-May-24 1:00:32 PM, Old: 0.0000, New: 0.5000
Stop Time 1 Changed: 16-May-24 1:00:32 PM, Old: 1.0000, New: 2.0000
Well plate reader Changed: 16-May-24 1:01:13 PM, Old:OFF, New:ON
Wellplate Samples Changed: 16-May-24 1:01:13 PM, Old:, New:A1;A2;A3;A4;A5;A6;A7;A8;A9;B1;B2;B3;B4;B5;B6;B7;B8;B9;C1;C2;C3;C4;C5;C6;C7;C8;C9;
PMT Volts Changed: 16-May-24 1:01:51 PM, Old:600, New:800
Emission PMT (V): Changed: 16-May-24 1:01:51 PM, Old: 600, New: 800
End Method Modifications

Sample B8,
Sample B8
Collection Time: 16-May-24 1:01:55 PM
Operator Name  :
Kinetics Software Version: 1.2(146)
Parameter List :
Report Time: Thu 16 May 01:01:55 PM 2024
Software version: 1.2(146)
Operator:
Instrument Parameters
Instrument                        Cary Eclipse
Instrument Serial Number          MY18160001
Data mode                         Fluorescence
Ex. wavelength (nm)               495.00
Em. wavelength (nm)               515.00
Ex. Slit (nm)                     5
Em. Slit (nm)                     5
Averaging Time (s)                0.1000
Cycle time(min)                   0.5000
Stop time(min)                    2.0000
Emission filter                   Open
Excitation Filter                 Auto
PMT voltage (V)                   High
Wellplate                         ON
Plate format                     96 Wells
Read position                    Well centre
Multi-zero                       OFF
Auto-zero                        OFF
Well                            A1
Comments:
Method Log     :
Method Name    : Default
Date/Time stamp: 16-May-24 12:59:46 PM
Method Modifications:
Wellplate Overlay Mode Changed: 16-May-24 12:59:48 PM, Old:Individual, New:Choice 1
Wellplate Overlay Mode Changed: 16-May-24 12:59:48 PM, Old:Overlay all, New:Choice 2
Wellplate Overlay Mode Changed: 16-May-24 12:59:48 PM, Old:Overlay rows, New:Choice 3
Wellplate Overlay Mode Changed: 16-May-24 12:59:48 PM, Old:Overlay columns, New:Choice 4
Wellplate Overlay Mode Changed: 16-May-24 12:59:48 PM, Old:User defined, New:Overlay columns
Excitation Wavelength Changed: 16-May-24 1:00:32 PM, Old: 400.00, New: 495.00
Emission Wavelength Changed: 16-May-24 1:00:32 PM, Old: 600.00, New: 515.00
Cycle Time 1 Changed: 16-May-24 1:00:32 PM, Old: 0.0000, New: 0.5000
Stop Time 1 Changed: 16-May-24 1:00:32 PM, Old: 1.0000, New: 2.0000
Well plate reader Changed: 16-May-24 1:01:13 PM, Old:OFF, New:ON
Wellplate Samples Changed: 16-May-24 1:01:13 PM, Old:, New:A1;A2;A3;A4;A5;A6;A7;A8;A9;B1;B2;B3;B4;B5;B6;B7;B8;B9;C1;C2;C3;C4;C5;C6;C7;C8;C9;
PMT Volts Changed: 16-May-24 1:01:51 PM, Old:600, New:800
Emission PMT (V): Changed: 16-May-24 1:01:51 PM, Old: 600, New: 800
End Method Modifications

Sample B9,
Sample B9
Collection Time: 16-May-24 1:01:55 PM
Operator Name  :
Kinetics Software Version: 1.2(146)
Parameter List :
Report Time: Thu 16 May 01:01:55 PM 2024
Software version: 1.2(146)
Operator:
Instrument Parameters
Instrument                        Cary Eclipse
Instrument Serial Number          MY18160001
Data mode                         Fluorescence
Ex. wavelength (nm)               495.00
Em. wavelength (nm)               515.00
Ex. Slit (nm)                     5
Em. Slit (nm)                     5
Averaging Time (s)                0.1000
Cycle time(min)                   0.5000
Stop time(min)                    2.0000
Emission filter                   Open
Excitation Filter                 Auto
PMT voltage (V)                   High
Wellplate                         ON
Plate format                     96 Wells
Read position                    Well centre
Multi-zero                       OFF
Auto-zero                        OFF
Well                            A1
Comments:
Method Log     :
Method Name    : Default
Date/Time stamp: 16-May-24 12:59:46 PM
Method Modifications:
Wellplate Overlay Mode Changed: 16-May-24 12:59:48 PM, Old:Individual, New:Choice 1
Wellplate Overlay Mode Changed: 16-May-24 12:59:48 PM, Old:Overlay all, New:Choice 2
Wellplate Overlay Mode Changed: 16-May-24 12:59:48 PM, Old:Overlay rows, New:Choice 3
Wellplate Overlay Mode Changed: 16-May-24 12:59:48 PM, Old:Overlay columns, New:Choice 4
Wellplate Overlay Mode Changed: 16-May-24 12:59:48 PM, Old:User defined, New:Overlay columns
Excitation Wavelength Changed: 16-May-24 1:00:32 PM, Old: 400.00, New: 495.00
Emission Wavelength Changed: 16-May-24 1:00:32 PM, Old: 600.00, New: 515.00
Cycle Time 1 Changed: 16-May-24 1:00:32 PM, Old: 0.0000, New: 0.5000
Stop Time 1 Changed: 16-May-24 1:00:32 PM, Old: 1.0000, New: 2.0000
Well plate reader Changed: 16-May-24 1:01:13 PM, Old:OFF, New:ON
Wellplate Samples Changed: 16-May-24 1:01:13 PM, Old:, New:A1;A2;A3;A4;A5;A6;A7;A8;A9;B1;B2;B3;B4;B5;B6;B7;B8;B9;C1;C2;C3;C4;C5;C6;C7;C8;C9;
PMT Volts Changed: 16-May-24 1:01:51 PM, Old:600, New:800
Emission PMT (V): Changed: 16-May-24 1:01:51 PM, Old: 600, New: 800
End Method Modifications

Sample C1,
Sample C1
Collection Time: 16-May-24 1:01:55 PM
Operator Name  :
Kinetics Software Version: 1.2(146)
Parameter List :
Report Time: Thu 16 May 01:01:55 PM 2024
Software version: 1.2(146)
Operator:
Instrument Parameters
Instrument                        Cary Eclipse
Instrument Serial Number          MY18160001
Data mode                         Fluorescence
Ex. wavelength (nm)               495.00
Em. wavelength (nm)               515.00
Ex. Slit (nm)                     5
Em. Slit (nm)                     5
Averaging Time (s)                0.1000
Cycle time(min)                   0.5000
Stop time(min)                    2.0000
Emission filter                   Open
Excitation Filter                 Auto
PMT voltage (V)                   High
Wellplate                         ON
Plate format                     96 Wells
Read position                    Well centre
Multi-zero                       OFF
Auto-zero                        OFF
Well                            A1
Comments:
Method Log     :
Method Name    : Default
Date/Time stamp: 16-May-24 12:59:46 PM
Method Modifications:
Wellplate Overlay Mode Changed: 16-May-24 12:59:48 PM, Old:Individual, New:Choice 1
Wellplate Overlay Mode Changed: 16-May-24 12:59:48 PM, Old:Overlay all, New:Choice 2
Wellplate Overlay Mode Changed: 16-May-24 12:59:48 PM, Old:Overlay rows, New:Choice 3
Wellplate Overlay Mode Changed: 16-May-24 12:59:48 PM, Old:Overlay columns, New:Choice 4
Wellplate Overlay Mode Changed: 16-May-24 12:59:48 PM, Old:User defined, New:Overlay columns
Excitation Wavelength Changed: 16-May-24 1:00:32 PM, Old: 400.00, New: 495.00
Emission Wavelength Changed: 16-May-24 1:00:32 PM, Old: 600.00, New: 515.00
Cycle Time 1 Changed: 16-May-24 1:00:32 PM, Old: 0.0000, New: 0.5000
Stop Time 1 Changed: 16-May-24 1:00:32 PM, Old: 1.0000, New: 2.0000
Well plate reader Changed: 16-May-24 1:01:13 PM, Old:OFF, New:ON
Wellplate Samples Changed: 16-May-24 1:01:13 PM, Old:, New:A1;A2;A3;A4;A5;A6;A7;A8;A9;B1;B2;B3;B4;B5;B6;B7;B8;B9;C1;C2;C3;C4;C5;C6;C7;C8;C9;
PMT Volts Changed: 16-May-24 1:01:51 PM, Old:600, New:800
Emission PMT (V): Changed: 16-May-24 1:01:51 PM, Old: 600, New: 800
End Method Modifications

Sample C2,
Sample C2
Collection Time: 16-May-24 1:01:55 PM
Operator Name  :
Kinetics Software Version: 1.2(146)
Parameter List :
Report Time: Thu 16 May 01:01:55 PM 2024
Software version: 1.2(146)
Operator:
Instrument Parameters
Instrument                        Cary Eclipse
Instrument Serial Number          MY18160001
Data mode                         Fluorescence
Ex. wavelength (nm)               495.00
Em. wavelength (nm)               515.00
Ex. Slit (nm)                     5
Em. Slit (nm)                     5
Averaging Time (s)                0.1000
Cycle time(min)                   0.5000
Stop time(min)                    2.0000
Emission filter                   Open
Excitation Filter                 Auto
PMT voltage (V)                   High
Wellplate                         ON
Plate format                     96 Wells
Read position                    Well centre
Multi-zero                       OFF
Auto-zero                        OFF
Well                            A1
Comments:
Method Log     :
Method Name    : Default
Date/Time stamp: 16-May-24 12:59:46 PM
Method Modifications:
Wellplate Overlay Mode Changed: 16-May-24 12:59:48 PM, Old:Individual, New:Choice 1
Wellplate Overlay Mode Changed: 16-May-24 12:59:48 PM, Old:Overlay all, New:Choice 2
Wellplate Overlay Mode Changed: 16-May-24 12:59:48 PM, Old:Overlay rows, New:Choice 3
Wellplate Overlay Mode Changed: 16-May-24 12:59:48 PM, Old:Overlay columns, New:Choice 4
Wellplate Overlay Mode Changed: 16-May-24 12:59:48 PM, Old:User defined, New:Overlay columns
Excitation Wavelength Changed: 16-May-24 1:00:32 PM, Old: 400.00, New: 495.00
Emission Wavelength Changed: 16-May-24 1:00:32 PM, Old: 600.00, New: 515.00
Cycle Time 1 Changed: 16-May-24 1:00:32 PM, Old: 0.0000, New: 0.5000
Stop Time 1 Changed: 16-May-24 1:00:32 PM, Old: 1.0000, New: 2.0000
Well plate reader Changed: 16-May-24 1:01:13 PM, Old:OFF, New:ON
Wellplate Samples Changed: 16-May-24 1:01:13 PM, Old:, New:A1;A2;A3;A4;A5;A6;A7;A8;A9;B1;B2;B3;B4;B5;B6;B7;B8;B9;C1;C2;C3;C4;C5;C6;C7;C8;C9;
PMT Volts Changed: 16-May-24 1:01:51 PM, Old:600, New:800
Emission PMT (V): Changed: 16-May-24 1:01:51 PM, Old: 600, New: 800
End Method Modifications

Sample C3,
Sample C3
Collection Time: 16-May-24 1:01:55 PM
Operator Name  :
Kinetics Software Version: 1.2(146)
Parameter List :
Report Time: Thu 16 May 01:01:55 PM 2024
Software version: 1.2(146)
Operator:
Instrument Parameters
Instrument                        Cary Eclipse
Instrument Serial Number          MY18160001
Data mode                         Fluorescence
Ex. wavelength (nm)               495.00
Em. wavelength (nm)               515.00
Ex. Slit (nm)                     5
Em. Slit (nm)                     5
Averaging Time (s)                0.1000
Cycle time(min)                   0.5000
Stop time(min)                    2.0000
Emission filter                   Open
Excitation Filter                 Auto
PMT voltage (V)                   High
Wellplate                         ON
Plate format                     96 Wells
Read position                    Well centre
Multi-zero                       OFF
Auto-zero                        OFF
Well                            A1
Comments:
Method Log     :
Method Name    : Default
Date/Time stamp: 16-May-24 12:59:46 PM
Method Modifications:
Wellplate Overlay Mode Changed: 16-May-24 12:59:48 PM, Old:Individual, New:Choice 1
Wellplate Overlay Mode Changed: 16-May-24 12:59:48 PM, Old:Overlay all, New:Choice 2
Wellplate Overlay Mode Changed: 16-May-24 12:59:48 PM, Old:Overlay rows, New:Choice 3
Wellplate Overlay Mode Changed: 16-May-24 12:59:48 PM, Old:Overlay columns, New:Choice 4
Wellplate Overlay Mode Changed: 16-May-24 12:59:48 PM, Old:User defined, New:Overlay columns
Excitation Wavelength Changed: 16-May-24 1:00:32 PM, Old: 400.00, New: 495.00
Emission Wavelength Changed: 16-May-24 1:00:32 PM, Old: 600.00, New: 515.00
Cycle Time 1 Changed: 16-May-24 1:00:32 PM, Old: 0.0000, New: 0.5000
Stop Time 1 Changed: 16-May-24 1:00:32 PM, Old: 1.0000, New: 2.0000
Well plate reader Changed: 16-May-24 1:01:13 PM, Old:OFF, New:ON
Wellplate Samples Changed: 16-May-24 1:01:13 PM, Old:, New:A1;A2;A3;A4;A5;A6;A7;A8;A9;B1;B2;B3;B4;B5;B6;B7;B8;B9;C1;C2;C3;C4;C5;C6;C7;C8;C9;
PMT Volts Changed: 16-May-24 1:01:51 PM, Old:600, New:800
Emission PMT (V): Changed: 16-May-24 1:01:51 PM, Old: 600, New: 800
End Method Modifications

Sample C4,
Sample C4
Collection Time: 16-May-24 1:01:55 PM
Operator Name  :
Kinetics Software Version: 1.2(146)
Parameter List :
Report Time: Thu 16 May 01:01:55 PM 2024
Software version: 1.2(146)
Operator:
Instrument Parameters
Instrument                        Cary Eclipse
Instrument Serial Number          MY18160001
Data mode                         Fluorescence
Ex. wavelength (nm)               495.00
Em. wavelength (nm)               515.00
Ex. Slit (nm)                     5
Em. Slit (nm)                     5
Averaging Time (s)                0.1000
Cycle time(min)                   0.5000
Stop time(min)                    2.0000
Emission filter                   Open
Excitation Filter                 Auto
PMT voltage (V)                   High
Wellplate                         ON
Plate format                     96 Wells
Read position                    Well centre
Multi-zero                       OFF
Auto-zero                        OFF
Well                            A1
Comments:
Method Log     :
Method Name    : Default
Date/Time stamp: 16-May-24 12:59:46 PM
Method Modifications:
Wellplate Overlay Mode Changed: 16-May-24 12:59:48 PM, Old:Individual, New:Choice 1
Wellplate Overlay Mode Changed: 16-May-24 12:59:48 PM, Old:Overlay all, New:Choice 2
Wellplate Overlay Mode Changed: 16-May-24 12:59:48 PM, Old:Overlay rows, New:Choice 3
Wellplate Overlay Mode Changed: 16-May-24 12:59:48 PM, Old:Overlay columns, New:Choice 4
Wellplate Overlay Mode Changed: 16-May-24 12:59:48 PM, Old:User defined, New:Overlay columns
Excitation Wavelength Changed: 16-May-24 1:00:32 PM, Old: 400.00, New: 495.00
Emission Wavelength Changed: 16-May-24 1:00:32 PM, Old: 600.00, New: 515.00
Cycle Time 1 Changed: 16-May-24 1:00:32 PM, Old: 0.0000, New: 0.5000
Stop Time 1 Changed: 16-May-24 1:00:32 PM, Old: 1.0000, New: 2.0000
Well plate reader Changed: 16-May-24 1:01:13 PM, Old:OFF, New:ON
Wellplate Samples Changed: 16-May-24 1:01:13 PM, Old:, New:A1;A2;A3;A4;A5;A6;A7;A8;A9;B1;B2;B3;B4;B5;B6;B7;B8;B9;C1;C2;C3;C4;C5;C6;C7;C8;C9;
PMT Volts Changed: 16-May-24 1:01:51 PM, Old:600, New:800
Emission PMT (V): Changed: 16-May-24 1:01:51 PM, Old: 600, New: 800
End Method Modifications

Sample C5,
Sample C5
Collection Time: 16-May-24 1:01:55 PM
Operator Name  :
Kinetics Software Version: 1.2(146)
Parameter List :
Report Time: Thu 16 May 01:01:55 PM 2024
Software version: 1.2(146)
Operator:
Instrument Parameters
Instrument                        Cary Eclipse
Instrument Serial Number          MY18160001
Data mode                         Fluorescence
Ex. wavelength (nm)               495.00
Em. wavelength (nm)               515.00
Ex. Slit (nm)                     5
Em. Slit (nm)                     5
Averaging Time (s)                0.1000
Cycle time(min)                   0.5000
Stop time(min)                    2.0000
Emission filter                   Open
Excitation Filter                 Auto
PMT voltage (V)                   High
Wellplate                         ON
Plate format                     96 Wells
Read position                    Well centre
Multi-zero                       OFF
Auto-zero                        OFF
Well                            A1
Comments:
Method Log     :
Method Name    : Default
Date/Time stamp: 16-May-24 12:59:46 PM
Method Modifications:
Wellplate Overlay Mode Changed: 16-May-24 12:59:48 PM, Old:Individual, New:Choice 1
Wellplate Overlay Mode Changed: 16-May-24 12:59:48 PM, Old:Overlay all, New:Choice 2
Wellplate Overlay Mode Changed: 16-May-24 12:59:48 PM, Old:Overlay rows, New:Choice 3
Wellplate Overlay Mode Changed: 16-May-24 12:59:48 PM, Old:Overlay columns, New:Choice 4
Wellplate Overlay Mode Changed: 16-May-24 12:59:48 PM, Old:User defined, New:Overlay columns
Excitation Wavelength Changed: 16-May-24 1:00:32 PM, Old: 400.00, New: 495.00
Emission Wavelength Changed: 16-May-24 1:00:32 PM, Old: 600.00, New: 515.00
Cycle Time 1 Changed: 16-May-24 1:00:32 PM, Old: 0.0000, New: 0.5000
Stop Time 1 Changed: 16-May-24 1:00:32 PM, Old: 1.0000, New: 2.0000
Well plate reader Changed: 16-May-24 1:01:13 PM, Old:OFF, New:ON
Wellplate Samples Changed: 16-May-24 1:01:13 PM, Old:, New:A1;A2;A3;A4;A5;A6;A7;A8;A9;B1;B2;B3;B4;B5;B6;B7;B8;B9;C1;C2;C3;C4;C5;C6;C7;C8;C9;
PMT Volts Changed: 16-May-24 1:01:51 PM, Old:600, New:800
Emission PMT (V): Changed: 16-May-24 1:01:51 PM, Old: 600, New: 800
End Method Modifications

Sample C6,
Sample C6
Collection Time: 16-May-24 1:01:55 PM
Operator Name  :
Kinetics Software Version: 1.2(146)
Parameter List :
Report Time: Thu 16 May 01:01:55 PM 2024
Software version: 1.2(146)
Operator:
Instrument Parameters
Instrument                        Cary Eclipse
Instrument Serial Number          MY18160001
Data mode                         Fluorescence
Ex. wavelength (nm)               495.00
Em. wavelength (nm)               515.00
Ex. Slit (nm)                     5
Em. Slit (nm)                     5
Averaging Time (s)                0.1000
Cycle time(min)                   0.5000
Stop time(min)                    2.0000
Emission filter                   Open
Excitation Filter                 Auto
PMT voltage (V)                   High
Wellplate                         ON
Plate format                     96 Wells
Read position                    Well centre
Multi-zero                       OFF
Auto-zero                        OFF
Well                            A1
Comments:
Method Log     :
Method Name    : Default
Date/Time stamp: 16-May-24 12:59:46 PM
Method Modifications:
Wellplate Overlay Mode Changed: 16-May-24 12:59:48 PM, Old:Individual, New:Choice 1
Wellplate Overlay Mode Changed: 16-May-24 12:59:48 PM, Old:Overlay all, New:Choice 2
Wellplate Overlay Mode Changed: 16-May-24 12:59:48 PM, Old:Overlay rows, New:Choice 3
Wellplate Overlay Mode Changed: 16-May-24 12:59:48 PM, Old:Overlay columns, New:Choice 4
Wellplate Overlay Mode Changed: 16-May-24 12:59:48 PM, Old:User defined, New:Overlay columns
Excitation Wavelength Changed: 16-May-24 1:00:32 PM, Old: 400.00, New: 495.00
Emission Wavelength Changed: 16-May-24 1:00:32 PM, Old: 600.00, New: 515.00
Cycle Time 1 Changed: 16-May-24 1:00:32 PM, Old: 0.0000, New: 0.5000
Stop Time 1 Changed: 16-May-24 1:00:32 PM, Old: 1.0000, New: 2.0000
Well plate reader Changed: 16-May-24 1:01:13 PM, Old:OFF, New:ON
Wellplate Samples Changed: 16-May-24 1:01:13 PM, Old:, New:A1;A2;A3;A4;A5;A6;A7;A8;A9;B1;B2;B3;B4;B5;B6;B7;B8;B9;C1;C2;C3;C4;C5;C6;C7;C8;C9;
PMT Volts Changed: 16-May-24 1:01:51 PM, Old:600, New:800
Emission PMT (V): Changed: 16-May-24 1:01:51 PM, Old: 600, New: 800
End Method Modifications

Sample C7,
Sample C7
Collection Time: 16-May-24 1:01:55 PM
Operator Name  :
Kinetics Software Version: 1.2(146)
Parameter List :
Report Time: Thu 16 May 01:01:55 PM 2024
Software version: 1.2(146)
Operator:
Instrument Parameters
Instrument                        Cary Eclipse
Instrument Serial Number          MY18160001
Data mode                         Fluorescence
Ex. wavelength (nm)               495.00
Em. wavelength (nm)               515.00
Ex. Slit (nm)                     5
Em. Slit (nm)                     5
Averaging Time (s)                0.1000
Cycle time(min)                   0.5000
Stop time(min)                    2.0000
Emission filter                   Open
Excitation Filter                 Auto
PMT voltage (V)                   High
Wellplate                         ON
Plate format                     96 Wells
Read position                    Well centre
Multi-zero                       OFF
Auto-zero                        OFF
Well                            A1
Comments:
Method Log     :
Method Name    : Default
Date/Time stamp: 16-May-24 12:59:46 PM
Method Modifications:
Wellplate Overlay Mode Changed: 16-May-24 12:59:48 PM, Old:Individual, New:Choice 1
Wellplate Overlay Mode Changed: 16-May-24 12:59:48 PM, Old:Overlay all, New:Choice 2
Wellplate Overlay Mode Changed: 16-May-24 12:59:48 PM, Old:Overlay rows, New:Choice 3
Wellplate Overlay Mode Changed: 16-May-24 12:59:48 PM, Old:Overlay columns, New:Choice 4
Wellplate Overlay Mode Changed: 16-May-24 12:59:48 PM, Old:User defined, New:Overlay columns
Excitation Wavelength Changed: 16-May-24 1:00:32 PM, Old: 400.00, New: 495.00
Emission Wavelength Changed: 16-May-24 1:00:32 PM, Old: 600.00, New: 515.00
Cycle Time 1 Changed: 16-May-24 1:00:32 PM, Old: 0.0000, New: 0.5000
Stop Time 1 Changed: 16-May-24 1:00:32 PM, Old: 1.0000, New: 2.0000
Well plate reader Changed: 16-May-24 1:01:13 PM, Old:OFF, New:ON
Wellplate Samples Changed: 16-May-24 1:01:13 PM, Old:, New:A1;A2;A3;A4;A5;A6;A7;A8;A9;B1;B2;B3;B4;B5;B6;B7;B8;B9;C1;C2;C3;C4;C5;C6;C7;C8;C9;
PMT Volts Changed: 16-May-24 1:01:51 PM, Old:600, New:800
Emission PMT (V): Changed: 16-May-24 1:01:51 PM, Old: 600, New: 800
End Method Modifications

Sample C8,
Sample C8
Collection Time: 16-May-24 1:01:55 PM
Operator Name  :
Kinetics Software Version: 1.2(146)
Parameter List :
Report Time: Thu 16 May 01:01:55 PM 2024
Software version: 1.2(146)
Operator:
Instrument Parameters
Instrument                        Cary Eclipse
Instrument Serial Number          MY18160001
Data mode                         Fluorescence
Ex. wavelength (nm)               495.00
Em. wavelength (nm)               515.00
Ex. Slit (nm)                     5
Em. Slit (nm)                     5
Averaging Time (s)                0.1000
Cycle time(min)                   0.5000
Stop time(min)                    2.0000
Emission filter                   Open
Excitation Filter                 Auto
PMT voltage (V)                   High
Wellplate                         ON
Plate format                     96 Wells
Read position                    Well centre
Multi-zero                       OFF
Auto-zero                        OFF
Well                            A1
Comments:
Method Log     :
Method Name    : Default
Date/Time stamp: 16-May-24 12:59:46 PM
Method Modifications:
Wellplate Overlay Mode Changed: 16-May-24 12:59:48 PM, Old:Individual, New:Choice 1
Wellplate Overlay Mode Changed: 16-May-24 12:59:48 PM, Old:Overlay all, New:Choice 2
Wellplate Overlay Mode Changed: 16-May-24 12:59:48 PM, Old:Overlay rows, New:Choice 3
Wellplate Overlay Mode Changed: 16-May-24 12:59:48 PM, Old:Overlay columns, New:Choice 4
Wellplate Overlay Mode Changed: 16-May-24 12:59:48 PM, Old:User defined, New:Overlay columns
Excitation Wavelength Changed: 16-May-24 1:00:32 PM, Old: 400.00, New: 495.00
Emission Wavelength Changed: 16-May-24 1:00:32 PM, Old: 600.00, New: 515.00
Cycle Time 1 Changed: 16-May-24 1:00:32 PM, Old: 0.0000, New: 0.5000
Stop Time 1 Changed: 16-May-24 1:00:32 PM, Old: 1.0000, New: 2.0000
Well plate reader Changed: 16-May-24 1:01:13 PM, Old:OFF, New:ON
Wellplate Samples Changed: 16-May-24 1:01:13 PM, Old:, New:A1;A2;A3;A4;A5;A6;A7;A8;A9;B1;B2;B3;B4;B5;B6;B7;B8;B9;C1;C2;C3;C4;C5;C6;C7;C8;C9;
PMT Volts Changed: 16-May-24 1:01:51 PM, Old:600, New:800
Emission PMT (V): Changed: 16-May-24 1:01:51 PM, Old: 600, New: 800
End Method Modifications

Sample C9,
Sample C9
Collection Time: 16-May-24 1:01:55 PM
Operator Name  :
Kinetics Software Version: 1.2(146)
Parameter List :
Report Time: Thu 16 May 01:01:55 PM 2024
Software version: 1.2(146)
Operator:
Instrument Parameters
Instrument                        Cary Eclipse
Instrument Serial Number          MY18160001
Data mode                         Fluorescence
Ex. wavelength (nm)               495.00
Em. wavelength (nm)               515.00
Ex. Slit (nm)                     5
Em. Slit (nm)                     5
Averaging Time (s)                0.1000
Cycle time(min)                   0.5000
Stop time(min)                    2.0000
Emission filter                   Open
Excitation Filter                 Auto
PMT voltage (V)                   High
Wellplate                         ON
Plate format                     96 Wells
Read position                    Well centre
Multi-zero                       OFF
Auto-zero                        OFF
Well                            A1
Comments:
Method Log     :
Method Name    : Default
Date/Time stamp: 16-May-24 12:59:46 PM
Method Modifications:
Wellplate Overlay Mode Changed: 16-May-24 12:59:48 PM, Old:Individual, New:Choice 1
Wellplate Overlay Mode Changed: 16-May-24 12:59:48 PM, Old:Overlay all, New:Choice 2
Wellplate Overlay Mode Changed: 16-May-24 12:59:48 PM, Old:Overlay rows, New:Choice 3
Wellplate Overlay Mode Changed: 16-May-24 12:59:48 PM, Old:Overlay columns, New:Choice 4
Wellplate Overlay Mode Changed: 16-May-24 12:59:48 PM, Old:User defined, New:Overlay columns
Excitation Wavelength Changed: 16-May-24 1:00:32 PM, Old: 400.00, New: 495.00
Emission Wavelength Changed: 16-May-24 1:00:32 PM, Old: 600.00, New: 515.00
Cycle Time 1 Changed: 16-May-24 1:00:32 PM, Old: 0.0000, New: 0.5000
Stop Time 1 Changed: 16-May-24 1:00:32 PM, Old: 1.0000, New: 2.0000
Well plate reader Changed: 16-May-24 1:01:13 PM, Old:OFF, New:ON
Wellplate Samples Changed: 16-May-24 1:01:13 PM, Old:, New:A1;A2;A3;A4;A5;A6;A7;A8;A9;B1;B2;B3;B4;B5;B6;B7;B8;B9;C1;C2;C3;C4;C5;C6;C7;C8;C9;
PMT Volts Changed: 16-May-24 1:01:51 PM, Old:600, New:800
Emission PMT (V): Changed: 16-May-24 1:01:51 PM, Old: 600, New: 800
End Method Modifications

